season,player,player_id,position,team_name,player_game_count,accuracy_percent,aimed_passes,attempts,avg_depth_of_target,avg_time_to_throw,bats,big_time_throws,btt_rate,completion_percent,completions,declined_penalties,def_gen_pressures,drop_rate,dropbacks,drops,first_downs,franchise_id,grades_hands_fumble,grades_offense,grades_pass,grades_run,hit_as_threw,interceptions,passing_snaps,penalties,pressure_to_sack_rate,qb_rating,sack_percent,sacks,scrambles,spikes,thrown_aways,touchdowns,turnover_worthy_plays,twp_rate,yards,ypa
2018,Ben Roethlisberger,1732,QB,PIT,16,73.9,640,675,8.1,2.45,7,43,6,67,452,0,173,4.4,713,21,255,25,73.8,78.2,75.2,78.4,8,16,761,3,13.9,96.5,3.4,24,13,3,17,34,27,3.5,5129,7.6
2018,Andrew Luck,7007,QB,IND,16,75.7,610,639,8.1,2.53,12,35,5.2,67.3,430,0,200,6.9,679,32,241,14,88.9,91,88.8,76.9,5,15,725,3,9,98.7,2.7,18,21,2,10,39,22,3,4593,7.2
2018,Matt Ryan,4317,QB,ATL,16,77.8,576,608,8.9,2.61,8,24,3.8,69.4,422,0,219,5.8,668,26,243,2,44.1,84.3,80.6,79,2,7,706,1,19.2,108.1,6.3,42,18,1,21,35,21,3,4924,8.1
2018,Kirk Cousins,7102,QB,MIN,16,79.5,561,606,7.9,2.61,17,26,4.1,70.1,425,0,260,4.7,669,21,220,18,61.1,79.3,79.2,51.4,8,10,705,2,15.4,99.7,6,40,17,3,17,30,17,2.4,4298,7.1
2018,Aaron Rodgers,2241,QB,GB,16,74,531,597,9.2,2.94,0,35,5.5,62.3,372,1,225,5.3,681,21,221,12,60.3,89,86.3,77,5,2,724,11,21.8,97.6,7.2,49,34,2,59,25,11,1.5,4442,7.4
2018,Case Keenum,7323,QB,DEN,16,75.1,535,586,8.1,2.57,8,20,3.2,62.3,365,0,229,9.2,633,37,186,10,46.1,70,66.9,81.5,11,15,680,2,14.8,81.2,5.4,34,12,2,30,18,25,3.7,3890,6.6
2018,Patrick Mahomes,11765,QB,KC,16,78.7,527,580,9.5,2.77,10,48,7.8,66,383,0,225,7.7,639,32,247,16,64.3,93.2,92.8,66.4,16,12,683,6,11.6,113.8,4.1,26,29,1,26,50,22,3.2,5097,8.8
2018,Eli Manning,1722,QB,NYG,16,74.9,542,576,7.8,2.52,6,25,4.1,66,380,0,213,6.4,627,26,206,21,55.1,64.3,63.7,59.6,5,11,657,5,22.1,92.4,7.5,47,4,1,22,21,31,4.7,4299,7.5
2018,Tom Brady,698,QB,NE,16,75.6,532,570,8.3,2.51,4,29,4.8,65.8,375,0,154,6.7,596,27,209,19,80.6,90.7,88.6,75.1,2,11,625,1,13.6,97.7,3.5,21,5,2,30,29,16,2.6,4355,7.6
2018,Jared Goff,10635,QB,LA,16,75.1,503,561,9.3,2.83,11,32,5.4,64.9,364,0,197,3.7,615,14,239,26,55.4,85.5,84.3,58.3,5,12,653,2,17.3,101.1,5.5,34,20,2,40,32,26,4,4688,8.4
2018,Matthew Stafford,4924,QB,DET,16,75.4,521,555,7.1,2.58,11,30,5.1,66.1,367,0,186,6.6,608,26,204,11,63.6,77.8,76.6,59,5,11,649,1,21.5,89.9,6.6,40,13,1,17,21,21,3.2,3777,6.8
2018,Derek Carr,8671,QB,OAK,16,78.9,511,553,7.1,2.45,8,26,4.5,68.9,381,0,183,5.5,612,22,200,23,46.7,73.2,71.9,64.6,5,10,647,4,27.9,93.9,8.3,51,8,7,22,19,24,3.7,4049,7.3
2018,Dak Prescott,10769,QB,DAL,16,75.9,494,526,7.9,2.86,5,20,3.6,67.7,356,0,226,5.1,611,19,199,9,28.8,74.6,73.4,65.5,7,8,653,4,24.8,96.9,9.2,56,29,0,20,22,18,2.8,3885,7.4
2018,Philip Rivers,1725,QB,LAC,16,78.2,473,508,8.6,2.47,12,32,5.9,68.3,347,0,192,6.2,544,23,211,27,90.4,90.8,90.3,54.7,7,12,579,4,16.7,105.5,5.9,32,4,0,16,32,20,3.5,4308,8.5
2018,Deshaun Watson,11767,QB,HST,16,76.1,468,505,9.1,3.09,6,22,4.1,68.3,345,0,282,3.1,628,11,222,13,38.6,82.7,81.1,70.2,7,9,673,3,21.6,103.1,9.7,61,60,6,18,26,19,2.8,4165,8.2
2018,Drew Brees,802,QB,NO,15,82.2,467,489,7.6,2.47,6,28,5.4,74.4,364,0,131,5.2,510,20,200,20,83.2,94.7,94,77.4,3,5,542,7,13,115.7,3.3,17,4,0,13,32,12,2.2,3992,8.2
2018,Baker Mayfield,46518,QB,CLV,14,74,457,486,9.6,2.66,9,40,7.7,63.8,310,1,154,8.3,531,28,177,8,70.2,83.2,79.9,75.8,2,14,575,1,16.2,93.7,4.7,25,18,3,15,27,18,3.1,3725,7.7
2018,Cam Newton,6153,QB,CAR,14,78,441,471,7.6,2.67,8,13,2.6,67.9,320,0,174,7,531,24,187,5,78.6,70.9,70,66.5,1,13,558,8,16.7,94.2,5.5,29,27,3,18,24,26,4.7,3395,7.2
2018,Mitchell Trubisky,11757,QB,CHI,14,71.4,419,434,9.3,2.76,2,19,4,66.6,289,0,147,3.3,497,10,167,6,52.5,63,56.5,88.2,2,12,539,5,16.3,95.4,4.8,24,36,1,10,24,22,4.1,3223,7.4
2018,Russell Wilson,7077,QB,SEA,16,76.7,382,427,9.9,2.99,7,39,8.5,65.6,280,1,203,4.4,509,13,171,29,45.1,86.9,84.2,73.1,4,7,546,4,25.1,110.9,10,51,30,8,26,35,16,2.9,3448,8.1
2018,Sam Darnold,29048,QB,NYJ,13,69.7,379,414,9.8,2.83,7,16,3.7,57.7,239,0,165,9.5,460,25,139,22,71.5,64.7,62.9,62.7,2,15,477,2,18.2,77.6,6.5,30,16,1,25,17,21,4.4,2865,6.9
2018,Blake Bortles,8638,QB,JAX,13,74.5,368,403,7.7,2.74,14,18,4.3,60.3,243,0,171,11.3,476,31,147,15,40.4,64.1,64.7,54.6,8,11,493,3,18.1,79.8,6.5,31,40,0,13,13,14,2.8,2718,6.7
2018,Carson Wentz,10636,QB,PHI,11,78.7,381,401,8,2.61,3,18,4.3,69.6,279,0,140,7,448,21,163,24,44.9,79.4,78.5,60.3,10,7,472,3,22.1,102.2,6.9,31,16,2,5,21,16,3.4,3074,7.7
2018,Josh Rosen,35460,QB,ARZ,14,67.9,352,393,8.8,2.66,10,19,4.5,55.2,217,0,183,9.2,453,22,119,1,34.6,49.1,48.2,60.6,6,14,481,4,24.6,66.7,9.9,45,14,1,24,11,24,5,2278,5.8
2018,Joe Flacco,4332,QB,BLT,9,74.9,342,379,9.3,2.58,13,15,3.7,61.2,232,0,113,9.4,400,24,124,3,76.8,72,70.6,71.2,4,6,427,2,14.2,84.2,4,16,4,3,17,12,12,2.8,2465,6.5
2018,Jameis Winston,9434,QB,TB,11,70.3,364,378,11.3,2.88,4,13,3.2,64.6,244,0,150,4.7,441,12,166,30,60.2,69.9,68.3,69.2,4,14,471,3,18,90.2,6.1,27,36,1,5,19,22,4.7,2992,7.9
2018,Andy Dalton,6187,QB,CIN,11,72.4,341,365,8.9,2.5,6,23,5.9,61.9,226,0,127,8.5,398,21,135,7,86.5,81.9,79.3,69.7,4,11,428,0,16.5,89.6,5.3,21,12,3,11,21,16,3.7,2566,7
2018,Marcus Mariota,9435,QB,TEN,14,77.1,315,331,7.9,2.81,3,13,3.7,68.9,228,0,141,6.2,409,15,135,31,48.9,76.8,70.3,83,0,8,431,5,29.8,92.3,10.3,42,35,0,13,11,15,3.5,2528,7.6
2018,Alex Smith,2218,QB,WAS,10,72.8,294,328,8.6,2.79,5,9,2.6,62.5,205,0,119,4.2,374,9,114,32,75.6,70.2,69,61.6,6,5,396,2,18.5,85.7,5.9,22,23,2,21,10,9,2.3,2180,6.6
2018,Josh Allen,46601,QB,BUF,12,64.7,292,320,11.5,3.2,1,17,4.9,52.8,169,0,172,10.6,396,20,114,4,50.2,65.3,58,81.4,4,12,429,4,16.3,67.9,7.1,28,47,0,23,10,22,5.1,2074,6.5
2018,Nick Mullens,12282,QB,SF,8,78.2,239,274,7.5,2.51,8,5,1.7,64.2,176,0,109,5.9,292,11,106,28,69.9,64.6,66.7,37.9,15,10,316,3,15.6,90.8,5.8,17,1,4,8,13,10,3.2,2277,8.3
2018,Ryan Tannehill,7014,QB,MIA,11,74.3,249,274,8.5,2.57,10,8,2.7,64.2,176,0,120,4.9,318,9,97,17,38.2,45.3,42.4,65.8,3,9,343,1,29.2,92.7,11,35,8,1,11,17,23,6.7,1979,7.2
2018,Ryan Fitzpatrick,2467,QB,TB,8,74.8,234,246,10.8,2.63,4,20,7.7,66.7,164,0,101,6.3,285,11,117,30,68,83.9,82.4,65.4,2,12,302,1,13.9,100.4,4.9,14,24,0,6,17,17,5.6,2366,9.6
2018,Nick Foles,7089,QB,PHI,5,78.3,189,195,6.8,2.48,1,7,3.3,72.3,141,0,60,4.7,206,7,61,24,41.3,73.8,71.1,70.5,0,4,221,3,15,96,4.4,9,2,2,3,7,7,3.2,1413,7.2
2018,Brock Osweiler,7059,QB,MIA,7,74.2,159,178,8,2.58,3,4,2.1,63.5,113,0,85,4.2,200,5,58,17,90.1,52.7,53.4,50.9,4,4,211,1,20,86,8.5,17,4,1,11,6,9,4.3,1247,7
2018,Jeff Driskel,10841,QB,CIN,8,72.4,163,176,8.6,2.59,6,7,3.6,59.7,105,0,70,11,203,13,56,7,59.8,52.7,51.1,60.8,1,2,223,1,21.4,82.2,7.4,15,12,0,6,6,8,3.6,1003,5.7
2018,Lamar Jackson,46416,QB,BLT,12,66.7,159,170,8.7,3.17,2,6,3.3,58.2,99,0,76,6.6,203,7,67,3,25.1,58.6,59.3,58.1,1,3,217,4,19.7,84.5,7.4,15,18,0,8,6,10,4.6,1201,7.1
2018,C.J. Beathard,11859,QB,SF,6,73.4,154,169,7.3,2.59,9,3,1.7,60.4,102,0,71,9.7,198,11,63,28,61.4,64.9,65.5,52.7,2,7,207,0,25.4,81.8,9.1,18,11,0,4,8,5,2.4,1252,7.4
2018,Cody Kessler,10727,QB,JAX,5,77.5,120,131,6.9,2.87,0,3,2.2,64.9,85,0,73,8.6,169,8,42,15,23.6,55.7,52.1,70,1,2,177,0,30.1,77.4,13,22,15,0,10,2,7,4,709,5.4
2018,Josh McCown,1085,QB,NYJ,4,70.1,97,110,7.9,2.54,8,1,0.9,54.5,60,0,47,11.8,122,8,30,22,86.6,47,45.5,65.9,2,4,126,0,14.9,55.8,5.7,7,5,1,2,1,6,4.8,539,4.9
2018,Blaine Gabbert,6162,QB,TEN,6,66.3,98,101,7.7,2.29,1,3,2.8,60.4,61,1,23,6.2,106,4,31,31,86.4,33.6,35.2,49.8,0,4,115,3,21.7,74.9,4.7,5,0,0,2,4,9,7.8,626,6.2
2018,Josh Johnson,4474,QB,WAS,4,64.3,84,91,9.7,3.21,1,1,1,57.1,52,0,49,3.7,114,2,33,32,39.1,47.6,42.3,68.2,1,4,126,1,20.4,69.4,8.8,10,13,0,5,3,6,4.8,590,6.5
2018,Jimmy Garoppolo,8697,QB,SF,3,65.5,84,89,9.5,2.96,2,4,4.1,59.6,53,0,48,3.6,107,2,36,28,33.3,62.6,60.5,63.2,0,3,117,0,27.1,90,12.1,13,5,0,3,5,5,4.3,718,8.1
2018,Tyrod Taylor,6332,QB,CLV,4,62.2,74,85,10.7,2.95,3,2,2.2,49.4,42,0,42,8.7,108,4,22,8,60,47,44.9,61.4,1,2,115,1,31,64.5,12,13,10,1,6,2,4,3.5,473,5.6
2018,Nathan Peterman,11926,QB,BUF,4,68.6,70,81,6.9,2.81,2,1,1.1,54.3,44,0,30,8.3,96,4,15,4,85.5,32.9,31.6,58.9,3,7,106,1,23.3,30.7,7.3,7,8,0,6,1,5,4.7,296,3.7
2018,Sam Bradford,5526,QB,ARZ,3,66.7,78,80,6.4,2.34,1,1,1.2,62.5,50,0,37,3.8,88,2,17,1,23.7,41.4,42.6,64.3,0,4,92,2,16.2,62.5,6.8,6,1,0,1,2,7,7.6,400,5
2018,Chase Daniel,5214,QB,CHI,2,78.1,73,76,8.4,2.74,1,4,4.8,69.7,53,0,29,7,87,4,25,6,25.1,57.6,67.7,26.3,2,2,94,2,31,90.6,10.3,9,2,0,0,3,2,2.1,515,6.8
2018,Derek Anderson,2430,QB,BUF,2,68.2,66,70,9.6,2.46,3,2,2.8,60,42,0,22,6.7,75,3,22,4,26.6,47.5,47.4,60,0,4,77,0,22.7,56,6.7,5,0,0,1,0,7,9.1,465,6.6
2018,Taylor Heinicke,9896,QB,CAR,5,67.9,53,57,8.9,2.66,0,1,1.6,61.4,35,0,22,2.8,60,1,20,5,82.6,46.2,43.8,70.6,2,3,67,0,9.1,60.6,3.3,2,1,1,1,1,4,6,320,5.6
2018,Colt McCoy,5609,QB,WAS,3,68.6,51,54,10,2.72,1,3,5.1,63,34,0,23,2.9,67,1,20,32,46,60.1,51.2,87.4,0,3,72,0,26.1,78.6,9,6,7,2,0,3,4,5.6,372,6.9
2018,DeShone Kizer,11807,QB,GB,2,64.9,37,42,10.7,3.23,0,1,2.4,47.6,20,0,15,16.7,50,4,11,12,31.5,34.2,29.6,76.8,1,2,50,0,26.7,40.5,8,4,4,1,3,0,5,10,187,4.5
2018,Mark Sanchez,4928,QB,WAS,2,80.6,31,35,6,2.69,2,1,2.9,54.3,19,0,19,24,43,6,4,32,28.8,41.8,41.7,63.9,1,3,43,1,36.8,28,16.3,7,1,0,1,0,4,9.3,138,3.9
2018,Kyle Allen,26152,QB,CAR,2,71.4,28,31,8.6,2.86,0,1,2.9,64.5,20,0,13,0,34,0,12,5,79.2,73.8,73.2,61.5,2,0,38,0,0,113.1,0,0,3,0,1,2,0,0,266,8.6
2018,Matt Barkley,7880,QB,BUF,1,60,25,25,13.6,2.58,0,3,12,60,15,0,5,0,26,0,11,4,77.4,61.6,61.3,57.9,0,0,26,0,20,117.4,3.8,1,0,0,0,2,2,7.7,232,9.3
2018,Teddy Bridgewater,8667,QB,NO,2,66.7,21,23,7.3,3.34,1,0,0,60.9,14,0,12,0,28,0,9,20,79.1,58.4,59.4,55.6,0,1,29,0,16.7,70.6,7.1,2,3,0,1,1,1,3.4,118,5.1
2018,Mike Glennon,7854,QB,ARZ,2,75,20,21,9.4,2.19,1,0,0,71.4,15,0,6,0,22,0,8,1,75.6,57.5,57.4,,0,0,22,0,16.7,112,4.5,1,0,0,0,1,0,0,174,8.3
2018,Matt Cassel,2447,QB,DET,2,50,16,17,7.8,2.51,0,0,0,41.2,7,0,5,12.5,19,1,3,11,75.7,48.6,46.4,64.5,0,1,21,0,20,26.3,5.3,1,1,0,1,0,0,0,59,3.5
2018,Joshua Dobbs,11890,QB,PIT,3,54.5,11,12,5.1,2.98,0,0,0,50,6,0,5,0,14,0,4,25,74.2,66.7,59.1,72.6,1,1,14,0,0,24,0,0,2,0,0,0,0,0,43,3.6
2018,Taysom Hill,12112,QB,NO,7,71.4,7,7,18.9,3.34,0,0,0,42.9,3,0,5,40,10,2,4,20,87.1,64.4,44.3,75.9,0,1,10,1,20,36.3,10,1,2,0,0,0,1,10,64,9.1
2018,Matt Schaub,1811,QB,ATL,1,100,7,7,4.4,1.99,0,0,0,71.4,5,0,0,28.6,7,2,1,2,17.7,40.1,55,45.9,0,0,7,0,,74.1,0,0,0,0,0,0,0,0,20,2.9
2018,Robert Griffin III,7008,QB,BLT,2,40,5,6,13,3.23,0,0,0,33.3,2,0,4,0,6,0,1,3,69.6,34.9,33.9,,0,0,7,0,0,44.4,0,0,0,0,1,0,1,14.3,21,3.5
2018,Kyle Lauletta,46452,QB,NYG,1,0,5,5,13.6,2.7,0,0,0,0,0,0,4,,5,0,0,21,69.2,27,26.8,60,0,1,5,0,0,0,0,0,0,0,0,0,2,40,0,0
2018,Jacoby Brissett,10725,QB,IND,3,75,4,4,22.8,3.1,0,0,0,50,2,0,2,33.3,4,1,1,14,73.2,57.8,54.8,61.9,0,0,4,0,0,56.3,0,0,0,0,0,0,0,0,2,0.5
2018,Geno Smith,7820,QB,LAC,3,50,2,4,2.5,3.2,1,0,0,25,1,0,3,0,6,0,0,27,13.9,20.6,17.2,59.2,0,0,7,1,33.3,39.6,16.7,1,1,0,1,0,3,42.9,8,2
2018,Johnny Hekker,7252,P,LA,5,50,4,4,13,2.94,0,0,0,50,2,0,0,0,5,0,2,26,68,49.4,56.4,55.3,0,0,5,0,,63.5,0,0,1,0,0,0,0,0,19,4.8
2018,Derrick Henry,10679,HB,TEN,3,66.7,3,3,2.7,1.53,0,0,0,66.7,2,0,0,0,3,0,1,31,82.4,85.3,64.7,86.2,0,0,3,1,,77.1,0,0,0,0,0,0,0,0,14,4.7
2018,Garrett Gilbert,8848,QB,CAR,1,100,2,3,5,3.65,0,0,0,66.7,2,0,2,0,4,0,1,5,66.9,52.5,52.1,,0,0,4,0,50,109.7,25,1,0,0,1,0,0,0,40,13.3
2018,Chad Henne,4371,QB,KC,1,100,3,3,5,1.73,0,0,0,66.7,2,0,0,33.3,3,1,2,16,67.4,53.7,56.1,58.3,0,0,3,0,,97.9,0,0,0,0,0,0,0,0,29,9.7
2018,Sean Mannion,9522,QB,LA,1,100,3,3,-3.3,2.13,0,0,0,66.7,2,0,0,33.3,3,1,1,26,72.8,62.4,62.8,58.5,0,0,3,0,,89.6,0,0,0,0,0,0,0,0,23,7.7
2018,A.J. McCarron,8799,QB,OAK,1,100,1,3,6,3.6,0,0,0,33.3,1,0,3,0,4,0,0,23,18.7,37.2,54.2,40.9,0,0,4,0,33.3,42.4,25,1,0,0,2,0,0,0,8,2.7
2018,Odell Beckham Jr.,8647,WR,NYG,2,100,2,2,33.5,3.95,0,0,0,100,2,0,1,0,2,0,2,21,84.7,90,83.3,49.8,0,0,2,2,0,158.3,0,0,0,0,0,2,0,0,106,53
2018,Julian Edelman,5156,WR,NE,2,100,2,2,-0.5,3.25,0,0,0,100,2,1,2,0,2,0,1,19,87.5,75.2,61.6,78.3,0,0,2,5,0,118.8,0,0,0,0,0,0,0,0,43,21.5
2018,Brian Hoyer,5277,QB,NE,2,50,2,2,1,1.35,0,0,0,50,1,0,0,0,2,0,0,19,74.4,64.9,55.5,67.3,0,0,2,0,,58.3,0,0,0,0,0,0,0,0,7,3.5
2018,Mohamed Sanu,7084,WR,ATL,2,50,2,2,18.5,2.5,0,0,0,50,1,0,0,0,2,0,1,2,31.2,71.6,53.4,67.7,0,0,2,2,,95.8,0,0,0,0,0,1,0,0,5,2.5
2018,Jarvis Landry,8698,WR,CLV,3,50,2,2,40.5,4.8,0,1,33.3,50,1,1,0,0,2,0,1,8,56.8,74.7,87.2,77,0,0,3,3,,95.8,0,0,0,0,0,0,0,0,63,31.5
2018,Nate Sudfeld,10821,QB,PHI,2,50,2,2,5,2.2,0,0,0,50,1,0,1,0,2,0,1,24,67.8,49.4,47.5,60,0,0,2,0,0,129.2,0,0,0,0,0,1,0,0,22,11
2018,Tyler Boyd,10689,WR,CIN,1,0,1,1,38,3.4,0,0,0,0,0,1,1,,1,0,0,7,82.3,84.5,59.7,53.6,0,0,1,2,0,39.6,0,0,0,0,0,0,0,0,0,0
2018,Darius Jennings,10038,WR,TEN,1,100,1,1,9,3.5,0,0,0,100,1,0,1,0,1,0,1,31,82.1,55.5,72.9,59.3,0,0,1,1,0,118.8,0,0,0,0,0,0,0,0,21,21
2018,Anthony Miller,48160,WR,CHI,1,100,1,1,-5,3,0,0,0,100,1,0,1,0,1,0,1,6,80.9,60.4,60,56.9,0,0,1,6,0,100,0,0,0,0,0,0,0,0,8,8
2018,Nelson Agholor,9453,WR,PHI,1,100,1,1,9,3.2,0,0,0,100,1,0,0,0,1,0,1,24,49.4,64.8,68.5,62.7,0,0,1,2,,118.8,0,0,0,0,0,0,0,0,15,15
2018,Chris Boswell,8990,K,PIT,1,100,1,1,6,2.1,0,0,0,100,1,0,0,0,1,0,1,25,60.4,82.8,71.3,,0,0,1,0,,118.8,0,0,0,0,0,1,0,0,2,2
2018,Christian McCaffrey,11763,HB,CAR,1,100,1,1,13,2.4,0,0,0,100,1,0,0,0,1,0,1,5,58.7,82.8,71.3,77.2,0,0,1,0,,158.3,0,0,0,0,0,1,0,0,50,50
2018,Albert Wilson,8943,WR,MIA,1,100,1,1,20,3.7,0,0,0,100,1,0,0,0,1,0,1,17,78.8,82.5,71,50.4,0,0,1,1,,158.3,0,0,0,0,0,1,0,0,52,52
2018,Logan Thomas,8755,TE,BUF,1,100,1,1,8,2,0,0,0,100,1,0,0,0,1,0,1,4,73.4,51.7,67.2,,0,0,1,1,,118.8,0,0,0,0,0,0,0,0,15,15
2018,Zay Jones,11792,WR,BUF,1,0,1,1,18,4.7,0,0,0,0,0,0,1,,1,0,0,4,43.7,62.2,56,56.2,0,0,1,1,0,39.6,0,0,0,0,0,0,0,0,0,0
2018,Bruce Ellington,8741,WR,DET,1,,0,1,,4.3,0,0,0,0,0,0,1,,1,0,0,11,78.2,68.3,60,56.6,0,0,1,0,0,39.6,0,0,0,0,1,0,0,0,0,0
2018,Eric Ebron,8645,TE,IND,1,0,1,1,6,2.8,0,0,0,0,0,1,0,,1,0,0,14,47.8,67.4,54.8,34.6,0,0,1,5,,39.6,0,0,0,0,0,0,0,0,0,0
2018,Dede Westbrook,11865,WR,JAX,1,,0,1,,4.4,0,0,0,0,0,0,1,,1,0,0,15,41.2,71.3,60,84.9,0,0,1,3,0,39.6,0,0,0,0,1,0,0,0,0,0
2018,Tarik Cohen,11874,HB,CHI,1,100,1,1,6,3.2,0,0,0,100,1,0,0,0,1,0,1,6,29.9,73.2,69.7,59.6,0,0,1,0,,118.8,0,0,0,0,0,1,0,0,1,1
2018,Tress Way,8358,P,WAS,1,100,1,1,6,1.9,0,0,0,100,1,0,0,0,1,0,1,32,60.4,70.7,67.2,,0,0,1,0,,95.8,0,0,0,0,0,0,0,0,7,7
2018,Kenny Stills,7926,WR,MIA,1,100,1,1,3,3.2,0,0,0,100,1,1,0,0,1,0,1,17,79,64.4,57.1,,0,0,1,6,,118.8,0,0,0,0,0,1,0,0,3,3
2018,DeAndre Hopkins,7808,WR,HST,1,0,1,1,16,2.4,0,0,0,0,0,1,0,,1,0,0,13,40.5,92.4,48.9,59.2,0,0,1,2,,39.6,0,0,0,0,0,0,0,0,0,0
2018,Cole Beasley,7330,WR,DAL,1,0,1,1,12,5.1,0,0,0,0,0,1,1,,1,0,0,9,85.9,74.8,55.1,,0,0,1,1,0,39.6,0,0,0,0,0,0,0,0,0,0
2018,Bryan Anger,7072,P,TB,1,0,1,1,10,3.2,0,0,0,0,0,0,1,,1,0,0,30,13.3,31,53.3,60,0,0,1,0,0,39.6,0,0,0,0,0,0,0,0,0,0
2018,Corey Bojorquez,27626,P,BUF,1,,0,1,,3.7,1,0,0,0,0,0,1,,1,0,0,4,13.3,28.7,60,60,0,0,1,0,0,39.6,0,0,0,0,0,0,1,100,0,0
2018,Antonio Brown,5718,WR,PIT,1,0,1,1,12,2.9,0,0,0,0,0,0,1,,1,0,0,25,84.1,79.3,48.9,,0,0,1,3,0,39.6,0,0,0,0,0,0,0,0,0,0
2018,Logan Cooke,29214,P,JAX,1,100,1,1,-4,2.1,0,0,0,100,1,0,0,0,1,0,1,15,60.4,61.5,60.4,,0,0,1,0,,83.3,0,0,0,0,0,0,0,0,4,4
2018,Emmanuel Sanders,5606,WR,DEN,1,100,1,1,32,3.3,0,0,0,100,1,1,0,0,1,0,1,10,82.2,81.1,73.4,60.5,0,0,1,3,,158.3,0,0,0,0,0,1,0,0,28,28
2018,Colby Wadman,38062,P,DEN,1,100,1,1,0,2.3,0,0,0,100,1,0,0,0,1,0,1,10,60.4,60.8,60.3,,0,0,1,0,,116.7,0,0,0,0,0,0,0,0,12,12
2018,J.K. Scott,38809,P,GB,1,,0,1,,3,0,0,0,0,0,0,0,,1,0,0,12,,57.6,60,,0,0,1,0,,39.6,0,0,0,0,1,0,0,0,0,0
2018,Dontrell Hilliard,45691,HB,CLV,1,0,1,1,14,2.9,0,0,0,0,0,0,0,,1,0,0,8,77.8,55.8,26.1,,0,1,1,0,,0,0,0,0,0,0,0,1,100,0,0
2018,Danny Amendola,4717,WR,MIA,1,100,1,1,26,2.9,0,1,100,100,1,0,0,0,1,0,1,17,56.1,66.6,81,56.6,0,0,1,2,,158.3,0,0,0,0,0,1,0,0,28,28
2018,Matt Prater,3471,K,DET,1,100,1,1,12,1.5,0,0,0,100,1,0,0,0,1,0,1,11,60.4,88.9,73.8,,0,0,1,0,,139.6,0,0,0,0,0,1,0,0,8,8
2018,Sam Koch,3148,P,BLT,1,100,1,1,17,2.3,0,0,0,100,1,0,0,0,1,0,1,3,60.4,71.6,68.8,,0,0,1,0,,118.8,0,0,0,0,0,0,0,0,21,21
2018,Larry Fitzgerald,1724,WR,ARZ,1,100,1,1,28,3.4,0,1,100,100,1,1,0,0,1,0,1,1,81.4,73.2,79.9,,0,0,1,2,,158.3,0,0,0,0,0,1,0,0,32,32
2018,Kevin Byard,10698,S,TEN,1,100,1,1,18,0.41,0,0,0,100,1,0,0,0,1,0,1,31,60.4,73.1,68.8,,0,0,1,1,,158.3,0,0,0,0,0,1,0,0,66,66
2019,Jameis Winston,9434,QB,TB,16,70.2,574,626,10.9,2.75,10,31,4.7,60.7,380,0,233,5.7,705,23,256,30,62.6,68.4,66.7,70.6,12,30,747,8,20.2,84.3,6.7,47,32,2,28,33,40,5.4,5109,8.2
2019,Jared Goff,10635,QB,LA,16,73.2,571,626,8,2.65,12,31,4.6,62.9,394,0,238,5.7,662,24,223,26,74.4,72.4,72.5,43.7,14,16,709,3,9.2,86.5,3.3,22,12,1,28,22,27,3.8,4638,7.4
2019,Matt Ryan,4317,QB,ATL,15,76.5,558,616,8.7,2.67,13,25,3.8,66.2,408,0,269,4.4,686,19,236,2,47,76,74.7,62.2,8,14,732,3,17.8,92.1,7,48,22,1,36,26,28,3.8,4466,7.3
2019,Tom Brady,698,QB,NE,16,72.9,558,613,8,2.61,5,23,3.5,60.8,373,0,192,8.4,643,34,195,19,81.3,80.5,77.4,73,5,8,688,4,14.1,88,4.2,27,3,0,45,24,17,2.5,4057,6.6
2019,Carson Wentz,10636,QB,PHI,16,73.9,568,607,8.5,2.7,14,33,5.1,63.9,388,0,241,7.6,674,32,220,24,28.5,76.5,75.4,61,11,7,718,2,15.4,93.1,5.5,37,29,1,13,27,25,3.5,4039,6.7
2019,Dak Prescott,10769,QB,DAL,16,76.1,566,596,9.8,2.81,7,29,4.6,65.1,388,0,204,10,639,43,239,9,66.4,80.1,76.6,76.2,7,11,679,1,11.3,99.7,3.6,23,20,1,15,30,22,3.2,4901,8.2
2019,Philip Rivers,1725,QB,LAC,16,76.2,547,591,9,2.53,12,27,4.2,66,390,0,225,6.5,633,27,219,27,79.2,74.3,73.6,50.2,6,20,682,5,15.1,88.5,5.4,34,6,3,23,23,32,4.7,4615,7.8
2019,Aaron Rodgers,2241,QB,GB,16,73.3,524,570,9.2,2.92,2,36,5.9,62.1,354,0,218,7.8,632,30,198,12,73.1,81.4,80.1,69.1,4,4,681,10,16.5,95.4,5.7,36,26,1,39,26,16,2.3,4008,7
2019,Kyler Murray,38334,QB,ARZ,16,74.4,492,541,7.6,2.74,12,23,4,64.3,348,1,183,4.9,620,18,182,1,85.7,64.2,61.1,69.6,1,12,661,4,25.7,87.4,7.6,47,29,4,32,20,18,2.7,3713,6.9
2019,Baker Mayfield,46518,QB,CLV,16,69.5,492,534,9.2,2.74,15,29,5,59.4,317,2,198,7.3,592,25,189,8,63.1,74.4,72.4,69.4,6,21,647,6,20.2,78.8,6.8,40,17,2,19,22,24,3.7,3827,7.2
2019,Andy Dalton,6187,QB,CIN,13,70.6,487,529,8.6,2.46,15,18,3.2,59.4,314,0,168,8.7,575,30,175,7,60.5,66.5,66.1,61,3,14,609,7,22,78.1,6.4,37,9,7,17,16,23,3.8,3494,6.6
2019,Mitchell Trubisky,11757,QB,CHI,15,71.1,491,516,8.3,2.67,4,20,3.7,63.2,326,0,187,6.6,579,23,164,6,77.6,64.3,63.6,59.8,5,10,613,3,20.3,83.1,6.6,38,23,3,13,17,21,3.4,3152,6.1
2019,Russell Wilson,7077,QB,SEA,16,76.5,476,516,9.9,2.88,5,41,7.4,66.1,341,0,243,6.3,610,23,205,29,72.6,91.1,90.8,66.4,4,5,659,4,19.8,106.3,7.9,48,45,3,28,31,11,1.7,4110,8
2019,Derek Carr,8671,QB,OAK,16,82.3,469,513,6.9,2.75,9,17,3.2,70.4,361,0,158,6.5,556,25,197,23,68,79.9,81.2,40.2,2,8,578,4,18.4,100.8,5.2,29,14,2,31,21,12,2.1,4055,7.9
2019,Ryan Fitzpatrick,2467,QB,MIA,15,73.4,466,502,9.6,2.61,14,18,3.3,62,311,0,230,9.1,580,31,198,17,48.6,76.5,75.6,60.9,7,13,620,0,17.4,84.8,6.9,40,37,3,12,19,17,2.7,3529,7
2019,Deshaun Watson,11767,QB,HST,15,76.3,469,495,9.1,2.96,3,29,5.5,67.3,333,0,227,7,591,25,212,13,29.5,81.3,76.5,79.3,3,12,628,1,19.4,98,7.4,44,48,2,18,26,23,3.7,3852,7.8
2019,Kyle Allen,26152,QB,CAR,13,73.3,450,489,8.6,2.69,7,20,3.9,62,303,0,190,8.2,555,27,196,5,26.3,49.7,50.9,48.1,5,16,578,3,24.2,80,8.3,46,20,1,26,17,34,5.9,3322,6.8
2019,Patrick Mahomes,11765,QB,KC,14,76.4,450,484,8.7,2.76,5,31,5.7,65.9,319,2,149,7.3,526,25,190,16,68.5,84.1,82.3,66,7,5,591,3,11.4,105.3,3.2,17,24,0,22,26,15,2.5,4031,8.3
2019,Jimmy Garoppolo,8697,QB,SF,16,78.8,453,476,6.7,2.57,6,13,2.6,69.1,329,0,158,7.8,526,28,197,28,51.6,77.9,75.7,69.8,3,13,565,3,22.8,102,6.8,36,12,2,12,27,19,3.4,3978,8.4
2019,Gardner Minshew,41401,QB,JAX,14,71.2,430,470,7.9,2.91,8,18,3.6,60.6,285,0,195,6.9,556,21,169,15,29.3,70.3,70,58.5,10,6,598,1,16.9,91.2,5.9,33,50,1,21,21,19,3.2,3271,7
2019,Josh Allen,46601,QB,BUF,16,71.7,420,461,9.8,2.93,7,13,2.7,58.8,271,1,197,10,545,30,162,4,28.2,64.2,61.9,65.8,5,9,576,4,19.3,85.3,7,38,46,3,26,20,23,4,3089,6.7
2019,Daniel Jones,39395,QB,NYG,13,72.3,422,459,8.4,2.84,6,20,4.1,61.9,284,0,221,6.9,527,21,153,21,27.1,65.9,65.6,59,14,12,566,2,18.1,87.7,7.6,40,27,0,17,24,31,5.5,3027,6.6
2019,Jacoby Brissett,10725,QB,IND,15,73.3,408,446,8.3,2.94,7,11,2.3,61,272,1,194,9,506,27,153,14,55.6,59.2,58,59.3,6,6,545,5,13.9,88.2,5.3,27,33,3,22,18,15,2.8,2942,6.6
2019,Kirk Cousins,7102,QB,MIN,15,80.2,405,444,8.3,2.89,6,21,4.4,69.1,307,0,175,5.5,481,18,169,18,35.6,84.4,85.9,30.5,6,6,515,1,16,107.4,5.8,28,9,0,27,26,12,2.3,3605,8.1
2019,Sam Darnold,29048,QB,NYJ,13,74.6,394,441,8.8,2.79,8,20,4.2,61.9,273,0,203,7.1,485,21,150,22,32.4,63.6,64.3,44,8,13,521,3,16.3,84.3,6.8,33,9,2,29,19,23,4.4,3024,6.9
2019,Lamar Jackson,46416,QB,BLT,15,76.1,372,401,9.3,3.03,10,20,4.7,66.1,265,0,144,6.4,466,18,181,3,65,91.1,85.3,90.5,3,6,491,3,16,113.3,4.9,23,41,2,14,36,9,1.8,3127,7.8
2019,Drew Brees,802,QB,NO,11,82.9,356,378,6.9,2.39,2,11,2.7,74.3,281,0,98,4.7,390,14,160,20,91.3,91.4,90.4,70.7,5,4,415,2,12.2,116.3,3.1,12,0,5,10,27,8,1.9,2979,7.9
2019,Matthew Stafford,4924,QB,DET,8,69.4,278,291,11.4,2.61,1,25,8.2,64.3,187,0,120,3.1,320,6,121,11,49.8,82.6,81.6,62.5,3,5,336,3,15,106,5.6,18,9,2,7,19,12,3.6,2499,8.6
2019,Ryan Tannehill,7014,QB,TEN,11,76.8,271,286,10.1,2.91,4,21,6.9,70.3,201,0,100,3.4,335,7,138,31,39.7,92.5,91,84.4,3,6,356,1,31,117.5,9.3,31,18,3,5,22,7,2,2742,9.6
2019,Mason Rudolph,46569,QB,PIT,10,74.5,259,283,8.1,2.74,3,6,2,62.2,176,0,112,8.8,308,17,84,25,49.3,52.7,52.7,57.5,12,9,331,3,13.4,82,4.9,15,10,0,9,13,15,4.5,1765,6.2
2019,Joe Flacco,4332,QB,DEN,8,78.1,233,262,7.1,2.57,7,8,2.8,65.3,171,0,107,6,294,11,89,10,28.2,67.2,65.1,66.7,6,5,315,1,24.3,85.1,8.8,26,5,1,15,6,10,3.2,1822,7
2019,Case Keenum,7323,QB,WAS,9,74.2,229,247,7.3,2.59,1,11,4.1,64.8,160,1,93,5.9,266,10,85,32,26.4,55,56.1,47.3,7,5,290,2,16.1,91.3,5.6,15,3,2,8,11,12,4.1,1707,6.9
2019,Dwayne Haskins,41897,QB,WAS,9,68.6,191,203,9.1,2.87,4,8,3.7,58.6,119,0,88,9.2,245,12,71,32,90.4,67.9,67,62.3,1,7,259,1,33,76.1,11.8,29,12,1,6,7,5,1.9,1365,6.7
2019,Teddy Bridgewater,8667,QB,NO,7,80.6,180,196,6.1,2.87,3,7,3.4,67.9,133,0,74,8.3,220,12,70,20,77.3,73,71.4,67.1,3,2,236,2,16.2,99.1,5.5,12,12,0,10,9,5,2.1,1384,7.1
2019,David Blough,46508,QB,DET,5,68.6,159,174,8.9,2.89,6,7,3.7,54,94,0,60,13.8,194,15,48,11,73.5,57.2,55.4,59.4,2,6,210,0,23.3,64,7.2,14,6,0,7,4,8,3.8,984,5.7
2019,Devlin Hodges,29838,QB,PIT,8,78.4,139,160,7.6,2.86,2,7,4,62.5,100,0,68,8.3,183,9,56,25,26.2,45.8,49.4,41.5,2,8,196,5,22.1,71.4,8.2,15,8,0,17,5,11,5.6,1063,6.6
2019,Marcus Mariota,9435,QB,TEN,7,73.3,146,160,7.7,2.89,1,5,2.9,59.4,95,0,71,11.2,202,12,52,31,40.4,64.1,63.6,58.6,2,2,214,3,35.2,92.3,12.4,25,16,2,9,7,8,3.7,1203,7.5
2019,Drew Lock,39517,QB,DEN,5,73.6,148,156,7.1,2.85,1,5,3,64.1,100,0,62,8.3,172,9,59,10,70.9,58.1,57.4,61.4,3,3,186,2,8.1,89.7,2.9,5,11,0,4,7,8,4.3,1020,6.5
2019,Eli Manning,1722,QB,NYG,4,71.4,133,147,9,2.6,3,7,4.6,61.9,91,0,31,4.2,153,4,47,21,29,62.8,63.6,40.7,3,5,160,1,16.1,82.6,3.3,5,1,0,8,6,9,5.6,1042,7.1
2019,Nick Foles,7089,QB,JAX,4,74.1,108,117,8.5,2.51,3,6,4.8,65.8,77,0,42,3.8,128,3,32,15,39,65.7,64.8,60,0,2,137,1,19,84.6,6.3,8,3,0,6,3,7,5.1,736,6.3
2019,Josh Rosen,35460,QB,MIA,5,66.3,101,109,8.5,2.66,6,4,3.4,53.2,58,0,51,13.4,128,9,26,17,62.9,46,47.1,48.2,1,5,137,0,31.4,52,12.5,16,3,0,1,1,9,6.6,567,5.2
2019,Jeff Driskel,10841,QB,DET,3,71,93,105,9.3,3.11,1,3,2.6,59,62,1,55,6.1,129,4,36,11,66.5,51.3,51.2,60.5,3,4,141,3,20,75.3,8.5,11,12,2,6,4,7,5,685,6.5
2019,Matt Moore,4018,QB,KC,4,71.8,85,91,7.4,2.45,3,3,3.2,64.8,59,0,28,3.3,100,2,35,16,28.5,63.3,62.6,58.4,0,0,104,0,28.6,100.9,8,8,1,1,2,4,3,2.9,659,7.2
2019,Cam Newton,6153,QB,CAR,2,66.3,80,89,9.5,2.25,1,0,0,56.2,50,0,27,5.7,96,3,29,5,55.4,48.5,53.6,29.2,5,1,99,0,18.5,71,5.2,5,1,1,2,0,4,4,572,6.4
2019,Ryan Finley,46426,QB,CIN,3,58,81,87,8.4,2.95,2,0,0,47.1,41,0,51,12.8,104,6,23,7,25.4,29.3,28.2,70,0,2,110,1,21.6,62.1,10.6,11,6,0,4,2,10,9.1,474,5.4
2019,Brandon Allen,10835,QB,DEN,3,60,70,84,8.9,2.65,2,2,2.2,46.4,39,0,35,7.1,98,3,22,10,85.8,48.7,47,67.9,0,2,105,1,25.7,68.3,9.2,9,5,0,12,3,3,2.9,515,6.1
2019,Luke Falk,46586,QB,NYJ,3,76.1,67,73,5.7,2.62,3,0,0,64.4,47,0,43,7.8,90,4,15,22,28.7,42.2,44.1,,0,3,97,2,37.2,62.4,17.8,16,0,0,3,0,5,5.2,416,5.7
2019,Matt Schaub,1811,QB,ATL,3,79.4,63,67,7.7,2.23,0,1,1.4,74.6,50,0,16,0,69,0,30,2,47.2,60.2,59.6,60.5,1,1,75,0,12.5,109,2.9,2,0,2,1,3,4,5.3,580,8.7
2019,Brian Hoyer,5277,QB,IND,2,65.1,63,65,9.3,2.61,0,5,7.4,53.8,35,0,31,14.6,72,6,22,14,83.5,69.4,70.3,49.9,1,4,75,0,16.1,65.7,6.9,5,2,0,1,4,2,2.7,372,5.7
2019,Chase Daniel,5214,QB,CHI,3,77.4,62,64,6.7,2.6,1,4,5.8,70.3,45,0,28,6.3,74,3,22,6,83.8,67.4,70.8,47.8,0,2,79,1,25,91.6,9.5,7,2,0,1,3,3,3.8,435,6.8
2019,Ben Roethlisberger,1732,QB,PIT,2,66.7,60,62,9.3,2.55,2,1,1.4,56.5,35,0,16,12.5,65,5,14,25,45,49,49.5,58.3,0,1,74,0,12.5,66,3.1,2,1,0,0,0,3,4.1,351,5.7
2019,Will Grier,38265,QB,CAR,2,61.7,47,52,9,2.88,1,0,0,53.8,28,0,25,3.4,63,1,14,5,54.2,29,30.2,44.6,1,4,64,0,24,33.2,9.5,6,5,0,3,0,6,9.4,228,4.4
2019,Matt Barkley,7880,QB,BUF,2,69.6,46,51,8.8,2.36,3,2,3.8,52.9,27,0,20,15.6,53,5,15,4,19.9,45.8,49.4,43.7,1,3,54,1,10,51,3.8,2,0,1,0,0,5,9.3,359,7
2019,Robert Griffin III,7008,QB,BLT,6,63.9,36,38,8,2.52,1,0,0,60.5,23,0,13,0,44,0,11,3,82.7,48.3,42,63.8,0,2,45,0,38.5,64,11.4,5,1,0,1,1,2,4.4,225,5.9
2019,A.J. McCarron,8799,QB,HST,2,65.6,32,37,8.4,3.28,0,0,0,56.8,21,0,17,0,47,0,14,13,80,58.8,54.9,69.8,0,1,47,0,29.4,63.5,10.6,5,5,0,5,0,0,0,225,6.1
2019,Colt McCoy,5609,QB,WAS,1,76,25,27,6.7,2.76,1,1,3.4,66.7,18,0,14,5.3,35,1,6,32,20.5,44.7,43.1,63.4,0,1,37,0,42.9,60.6,17.1,6,2,0,1,0,3,8.1,119,4.4
2019,Sean Mannion,9522,QB,MIN,1,77.8,18,21,7.4,2.65,2,2,9.1,57.1,12,0,6,14.3,21,2,6,18,77.2,78.7,80.5,56.1,1,2,22,0,0,35.1,0,0,0,0,0,0,1,4.5,126,6
2019,Brett Hundley,9580,QB,ARZ,3,63.6,11,11,9.3,3.38,0,0,0,45.5,5,0,5,28.6,15,2,4,1,75.7,80.4,68.6,81.6,0,0,15,0,40,58.5,13.3,2,2,0,0,0,0,0,49,4.5
2019,Mike Glennon,7854,QB,OAK,2,66.7,9,10,12.7,2.8,0,1,10,60,6,0,3,0,10,0,3,23,8.6,30.7,52.6,29,1,0,10,0,0,108.8,0,0,0,0,0,1,1,10,56,5.6
2019,Tyrod Taylor,6332,QB,LAC,2,83.3,6,6,5.5,2.12,0,0,0,66.7,4,0,1,20,6,1,3,27,75.2,66,70.1,59.3,0,0,6,0,0,120.1,0,0,0,0,0,1,0,0,33,5.5
2019,Taysom Hill,12112,QB,NO,6,80,5,6,17.6,3.67,0,0,0,50,3,0,5,25,9,1,4,20,82,84.1,80.1,77,0,0,9,0,20,81.9,11.1,1,2,0,1,0,0,0,55,9.2
2019,Trevor Siemian,9683,QB,NYJ,1,60,5,6,5.2,3.15,0,0,0,50,3,0,4,0,8,0,0,22,71.9,42.8,47.7,,0,0,11,1,50,56.3,25,2,0,0,1,0,0,0,3,0.5
2019,Jaylen Samuels,47297,HB,PIT,2,80,5,5,-3.2,1.16,0,0,0,80,4,1,1,0,5,0,2,25,65.2,54.4,47.3,56.1,0,1,5,2,0,56.3,0,0,0,0,0,0,1,20,35,7
2019,Josh McCown,1085,QB,PHI,1,60,5,5,4.8,1.98,0,0,0,60,3,0,1,0,5,0,2,24,70.2,72.7,72,60,0,0,5,0,0,72.1,0,0,0,0,0,0,0,0,24,4.8
2019,Ryan Griffin,7983,QB,TB,1,66.7,3,4,4.3,2.43,0,0,0,50,2,0,2,0,4,0,1,30,71.3,50.2,47.6,61,0,0,4,0,0,62.5,0,0,0,0,1,0,0,0,18,4.5
2019,Jarrett Stidham,13725,QB,NE,2,50,4,4,4.3,2.4,0,0,0,50,2,0,1,0,5,0,1,19,70.2,27.2,26.3,60,0,1,5,0,100,18.8,20,1,0,0,0,0,1,20,14,3.5
2019,Tim Boyle,21956,QB,GB,1,75,4,4,2.5,1.8,0,0,0,75,3,0,1,0,4,0,1,12,72.4,57.4,54.7,61.3,0,0,5,0,0,80.2,0,0,0,0,0,0,0,0,15,3.8
2019,Johnny Hekker,7252,P,LA,3,66.7,3,3,2.7,2.07,0,0,0,66.7,2,0,1,0,3,0,2,26,65.5,50.3,51.9,,0,1,3,0,0,56.9,0,0,0,0,0,0,0,0,28,9.3
2019,Garrett Gilbert,8848,QB,CLV,2,50,2,3,9.5,2.73,0,0,0,0,0,0,1,100,3,1,0,8,69.8,48.9,47,60.5,0,0,3,0,0,39.6,0,0,0,0,1,0,0,0,0,0
2019,Julian Edelman,5156,WR,NE,2,100,2,2,7,3.5,0,0,0,100,2,0,1,0,2,0,2,19,37.2,72,71.8,50.8,0,0,2,7,0,158.3,0,0,0,0,0,1,0,0,47,23.5
2019,Albert Wilson,8943,WR,MIA,2,50,2,2,9,3.93,0,0,0,50,1,0,2,0,3,0,1,17,37.9,62.3,50.8,60.9,0,0,3,1,50,85.4,33.3,1,0,0,0,0,0,0,20,10
2019,Odell Beckham Jr.,8647,WR,CLV,2,50,2,2,32,4.9,0,0,0,50,1,3,1,0,2,0,1,8,53.2,68.7,82.6,58.3,0,0,2,8,0,85.4,0,0,0,0,0,0,0,0,20,10
2019,Blake Bortles,8638,QB,LA,1,100,1,2,-4,2.3,0,0,0,50,1,0,1,0,2,0,0,26,67.8,48.5,58.7,52.2,0,0,2,0,0,56.3,0,0,0,0,1,0,0,0,3,1.5
2019,Christian McCaffrey,11763,HB,CAR,2,0,1,2,17,4.05,0,0,0,0,0,1,1,,2,0,0,5,81.4,86.5,45.6,75.6,0,0,2,1,0,39.6,0,0,0,0,1,0,0,0,0,0
2019,Matt Haack,12212,P,MIA,2,50,2,2,18,2.3,0,0,0,50,1,0,1,0,2,0,1,17,66.1,76.4,64,60,0,0,2,0,0,95.8,0,0,0,0,0,1,0,0,1,0.5
2019,DeAndre Hopkins,7808,WR,HST,2,50,2,2,6.5,3,0,0,0,50,1,1,1,0,2,0,1,13,84.1,87.3,29.8,62.4,0,1,2,3,0,56.3,0,0,0,0,0,1,1,50,6,3
2019,Logan Cooke,29214,P,JAX,3,100,2,2,3.5,2.43,0,0,0,100,2,0,1,0,3,0,2,15,17.3,48.1,52.1,,0,0,3,0,100,100,33.3,1,0,0,0,0,0,0,16,8
2019,Brett Kern,4580,P,TEN,2,50,2,2,17,2.25,0,0,0,50,1,0,0,0,2,0,1,31,66.1,62.4,61,60,0,0,2,0,,66.7,0,0,0,0,0,0,0,0,11,5.5
2019,Dante Pettis,48113,WR,SF,1,100,1,1,-3,3.7,0,0,0,100,1,0,0,0,1,0,1,28,72,56.4,60,,0,0,1,1,,118.8,0,0,0,0,0,0,0,0,16,16
2019,Josh Gordon,7618,WR,SEA,1,0,1,1,33,4.2,0,0,0,0,0,0,1,,1,0,0,29,76.4,63.7,33.8,59.2,0,1,1,2,0,0,0,0,0,0,0,0,1,100,0,0
2019,Courtland Sutton,48164,WR,DEN,1,100,1,1,36,4.55,0,1,100,100,1,1,0,0,2,0,1,10,28,83.1,87.3,70.8,0,0,2,1,,118.8,0,0,1,0,0,0,0,0,38,38
2019,Alex Tanney,7610,QB,NYG,1,100,1,1,1,2.9,0,0,0,100,1,0,0,0,1,0,0,21,60.4,60.7,60.4,,0,0,1,0,,79.2,0,0,0,0,0,0,0,0,1,1
2019,Alvin Kamara,11822,HB,NO,1,100,1,1,10,2.8,0,0,0,100,1,0,0,0,1,0,1,20,58.5,70,69.7,68.2,0,0,1,1,,118.8,0,0,0,0,0,0,0,0,13,13
2019,Kenjon Barner,7963,HB,ATL,1,100,1,1,-4,1.2,0,0,0,100,1,0,0,0,1,0,0,2,58.2,60.6,60.1,69.3,0,0,1,0,,79.2,0,0,0,0,0,0,0,0,3,3
2019,Alex Erickson,11107,WR,CIN,1,100,1,1,23,3.7,0,0,0,100,1,0,0,0,1,0,1,7,40.6,67.1,71,73.4,0,0,1,0,,118.8,0,0,0,0,0,0,0,0,26,26
2019,Bilal Powell,6278,HB,NYJ,1,100,1,1,13,3.6,0,0,0,0,0,0,0,100,1,1,0,22,84.4,54.8,68.8,60.9,0,0,1,0,,39.6,0,0,0,0,0,0,0,0,0,0
2019,Randall Cobb,6216,WR,DAL,1,,0,1,,4.7,0,0,0,0,0,0,1,,1,0,0,9,34.2,69.9,60,58,0,0,1,2,0,39.6,0,0,0,0,1,0,0,0,0,0
2019,John Brown,8726,WR,BUF,2,100,1,1,21,3.7,0,0,0,100,1,0,0,0,1,0,1,4,81.8,75.8,60.6,50.9,0,0,2,0,,158.3,0,0,0,0,0,1,0,0,28,28
2019,Emmanuel Sanders,5606,WR,SF,1,100,1,1,22,3.7,0,0,0,100,1,0,1,0,1,0,1,28,81.3,78.5,71,,0,0,1,7,0,158.3,0,0,0,0,0,1,0,0,35,35
2019,Michael Palardy,9277,P,CAR,1,100,1,1,10,2.3,0,0,0,100,1,0,0,0,1,0,1,5,60.4,72.6,68.8,,0,0,1,0,,116.7,0,0,0,0,0,0,0,0,12,12
2019,Danny Amendola,4717,WR,DET,1,100,1,1,13,4.2,0,0,0,100,1,0,0,0,1,0,1,11,84.9,71.5,68.8,,0,0,1,1,,158.3,0,0,0,0,0,1,0,0,19,19
2019,Steven Sims,48341,WR,WAS,1,,0,1,,5.8,0,0,0,0,0,0,0,,1,0,0,32,35.1,63.6,60,68,0,0,1,1,,39.6,0,0,0,0,1,0,0,0,0,0
2019,Sam Koch,3148,P,BLT,1,100,1,1,-5,1.3,0,0,0,100,1,0,0,0,1,0,0,3,60.4,60.8,60.4,,0,0,1,0,,79.2,0,0,0,0,0,0,0,0,-2,-2
2019,Dustin Colquitt,2316,P,KC,2,,0,1,,1.9,0,0,0,0,0,0,1,,1,0,1,16,,19.8,26.2,,0,0,2,1,0,39.6,0,0,0,0,1,0,1,50,0,0
2019,Andy Lee,1906,P,ARZ,1,100,1,1,25,4.5,0,0,0,100,1,0,0,0,1,0,1,1,60.4,74.2,70.7,,0,0,1,0,,118.8,0,0,0,0,0,0,0,0,26,26
2019,James White,8765,HB,NE,1,100,1,1,9,2.7,0,0,0,100,1,0,0,0,1,0,1,19,88.4,76.1,72.9,65.5,0,0,1,1,,118.8,0,0,0,0,0,0,0,0,35,35
2019,Andrew Beck,47121,TE,DEN,1,100,1,1,-3,2,0,0,0,100,1,0,0,0,1,0,1,10,71.8,58.8,60.4,61.4,0,0,1,3,,91.7,0,0,0,0,0,0,0,0,6,6
2019,Stefon Diggs,9579,WR,MIN,2,0,1,1,12,5.95,0,0,0,0,0,0,1,,2,0,0,18,23.1,78.8,49.8,79,0,0,2,4,0,39.6,0,0,1,0,0,0,0,0,0,0
2019,Kelvin Harmon,47931,WR,WAS,1,100,1,1,6,3.4,0,0,0,100,1,0,1,0,1,0,1,32,76.7,63.9,56.3,,0,0,1,2,0,112.5,0,0,0,0,0,0,0,0,11,11
2019,Zach Pascal,12303,WR,IND,1,0,1,1,21,3.2,0,0,0,0,0,1,0,,1,0,0,14,81.4,73.7,52.3,58.5,0,0,1,2,,39.6,0,0,0,0,0,0,0,0,0,0
2019,Jake Elliott,11908,K,PHI,1,0,1,1,3,5,0,0,0,0,0,0,1,,1,0,0,24,60.4,50.1,56.7,,0,1,1,0,0,0,0,0,0,0,0,0,0,0,0,0
2019,Cooper Kupp,11824,WR,LA,1,0,1,1,22,4.2,0,0,0,0,0,0,0,,1,0,0,26,22.6,74.6,52.2,62.9,0,0,1,4,,39.6,0,0,0,0,0,0,0,0,0,0
2020,Matt Ryan,4317,QB,ATL,16,76.7,574,626,9.3,2.75,11,31,4.7,65,407,0,233,7.5,683,33,250,2,76.4,83.1,82.1,53.3,6,11,721,2,17.6,93.3,6,41,16,1,34,26,21,2.9,4581,7.3
2020,Tom Brady,698,QB,TB,16,75.1,578,610,9.6,2.41,7,45,6.9,65.7,401,1,155,7.6,636,33,233,30,91,92.4,91.5,63.1,4,12,680,4,13.5,102.2,3.3,21,4,4,17,40,12,1.8,4633,7.6
2020,Ben Roethlisberger,1732,QB,PIT,15,75.5,579,608,7.4,2.17,18,26,4,65.6,399,0,131,8.7,626,38,194,25,80,69,68.2,52.6,5,10,672,2,9.9,94.1,2.1,13,3,0,6,33,18,2.7,3803,6.3
2020,Justin Herbert,28237,QB,LAC,15,75.8,553,595,7.8,2.61,12,31,4.9,66.6,396,0,239,5.5,653,23,228,27,74.2,79.9,78.4,63.8,12,10,689,2,13.4,98.3,4.9,32,25,4,14,31,16,2.3,4336,7.3
2020,Patrick Mahomes,11765,QB,KC,15,76.7,550,588,8.9,2.9,7,46,7.4,66.3,390,0,222,7.6,653,32,258,16,67,91.4,90.4,72,5,6,693,0,9.9,108.2,3.4,22,42,1,25,38,22,3.2,4740,8.1
2020,Josh Allen,46601,QB,BUF,16,79.1,532,572,9.1,2.99,8,36,5.8,69.2,396,0,233,5.9,628,25,241,4,56,90.9,89.8,74.3,4,10,677,4,10.7,107.2,4,25,31,0,28,37,23,3.4,4544,7.9
2020,Russell Wilson,7077,QB,SEA,16,79.4,524,558,8.9,3.01,5,43,7.3,68.8,384,0,251,7.7,660,32,235,29,81.7,90.3,88.6,75.9,3,13,695,8,18.3,105.1,7,46,54,1,25,40,17,2.4,4212,7.5
2020,Kyler Murray,38334,QB,ARZ,16,76.5,507,558,8.3,2.82,11,27,4.6,67.2,375,0,172,3.4,638,13,227,1,83.1,82.8,77.2,86.5,1,12,674,7,15.7,94.3,4.2,27,51,8,31,26,17,2.5,3971,7.1
2020,Jared Goff,10635,QB,LA,15,78.6,499,552,6.7,2.65,12,13,2.3,67,370,0,176,5.6,597,22,199,26,70.6,71.4,71.9,54.5,7,13,617,7,13.1,90,3.9,23,22,2,32,20,18,2.9,3952,7.2
2020,Deshaun Watson,11767,QB,HST,16,78.4,515,544,9.4,2.98,7,42,7.4,70.2,382,0,236,5.4,656,22,246,13,68.9,92.5,91.2,81.4,1,7,687,3,20.8,112.4,7.5,49,62,2,19,33,14,2,4823,8.9
2020,Philip Rivers,1725,QB,IND,16,77,508,544,7.6,2.38,12,27,4.7,68,370,1,133,5.4,564,21,200,14,90.5,77.2,75.6,59.4,5,11,600,4,14.3,97,3.4,19,1,3,16,24,21,3.5,4169,7.7
2020,Matthew Stafford,4924,QB,DET,16,73.8,497,528,9.4,2.54,8,32,5.6,64.2,339,0,166,7.6,583,28,215,11,77.8,82,78.6,82.5,5,10,626,3,23.5,96.3,6.7,39,16,7,11,26,14,2.2,4084,7.7
2020,Aaron Rodgers,2241,QB,GB,16,81.3,487,526,8.4,2.69,3,43,7.7,70.7,372,1,135,6.1,570,24,229,12,84.9,94.5,94.3,54.6,1,5,607,6,14.8,121.5,3.5,20,24,3,32,48,12,2,4299,8.2
2020,Derek Carr,8671,QB,LV,16,78.5,478,517,8.5,2.77,7,37,6.7,67.3,348,1,170,7.2,566,27,203,23,43.4,84.7,83.9,55.7,5,9,604,2,15.3,101.4,4.6,26,23,4,23,27,18,3,4103,7.9
2020,Kirk Cousins,7102,QB,MIN,16,78.6,467,516,8.7,2.75,9,24,4.3,67.6,349,0,221,4.9,572,18,222,18,61.2,83.4,80.6,79.2,8,13,613,6,17.6,105,6.8,39,17,3,29,35,18,2.9,4265,8.3
2020,Teddy Bridgewater,8667,QB,CAR,15,79.6,456,492,7.6,2.61,10,17,3.3,69.1,340,1,173,6.3,560,23,189,5,68.2,66,66.4,53.9,2,11,594,5,17.9,92.1,5.5,31,36,2,22,15,20,3.4,3733,7.6
2020,Baker Mayfield,46518,QB,CLV,16,76.1,435,486,9.2,2.95,10,31,6.1,62.8,305,0,142,7.9,538,26,198,8,59.7,81.6,81.6,53.8,3,8,568,9,18.3,95.9,4.8,26,25,5,33,26,17,3,3563,7.3
2020,Ryan Tannehill,7014,QB,TEN,16,76.4,440,481,8.8,2.63,9,19,3.7,65.5,315,0,164,6.3,528,21,213,31,67,90.3,85.2,91,10,7,557,2,14.6,106.5,4.5,24,22,0,22,33,22,3.9,3819,7.9
2020,Daniel Jones,39395,QB,NYG,14,74.8,413,448,8,2.7,10,24,5,62.5,280,0,208,9.4,516,29,168,21,34.1,78.4,74.4,78.8,8,10,552,5,21.6,80.4,8.7,45,22,2,15,11,17,3.1,2943,6.6
2020,Drew Lock,39517,QB,DEN,13,68.7,406,443,9.7,2.79,8,30,6.4,57.3,254,0,160,9,484,25,151,10,29.8,63.5,63.4,53.6,11,15,510,4,11.9,75.4,3.9,19,22,2,16,16,23,4.5,2933,6.6
2020,Carson Wentz,10636,QB,PHI,12,70.1,401,437,9.4,2.88,6,20,4.3,57.4,251,0,190,10.7,509,30,138,24,40.4,65,60,82.6,6,15,544,2,26.3,72.8,9.8,50,21,1,23,16,24,4.4,2620,6
2020,Joe Burrow,28022,QB,CIN,10,73.5,381,404,8.9,2.6,3,15,3.6,65.3,264,0,146,5.7,453,16,155,7,28.7,75.1,74.3,58,6,5,472,2,21.9,89.8,7.1,32,16,3,11,13,15,3.2,2688,6.7
2020,Drew Brees,802,QB,NO,12,79.3,368,390,6.6,2.47,5,15,3.7,70.5,275,0,105,5.8,405,17,148,20,66.2,73,70.6,71.6,3,6,421,2,12.4,106.4,3.2,13,2,2,12,24,19,4.5,2942,7.5
2020,Lamar Jackson,46416,QB,BLT,15,74.8,353,376,9.2,3.14,9,21,5.3,64.4,242,0,169,8.3,457,22,162,3,46.4,81.5,76.9,79.3,2,9,478,2,17.2,99.3,6.3,29,51,3,9,26,17,3.6,2757,7.3
2020,Cam Newton,6153,QB,NE,15,78.1,334,368,7.3,2.84,13,11,2.8,65.8,242,0,130,7.3,420,19,141,19,76,70.9,67.8,66.2,6,10,444,1,23.8,82.9,7.4,31,20,2,13,8,10,2.3,2657,7.2
2020,Sam Darnold,29048,QB,NYJ,12,72.5,324,364,8.1,2.84,5,9,2.3,59.6,217,0,179,7.7,425,18,117,22,77.9,58.4,52.7,87.7,9,11,449,1,19.6,72.7,8.2,35,26,3,23,9,17,3.8,2208,6.1
2020,Andy Dalton,6187,QB,DAL,11,76.2,311,333,7.5,2.48,5,11,3.1,64.9,216,0,111,8.9,376,21,121,9,75.1,69.6,69.5,55.7,5,8,393,2,21.6,87.3,6.4,24,15,0,12,14,11,2.8,2170,6.5
2020,Gardner Minshew,41401,QB,JAX,9,75.2,302,327,8.5,2.77,2,16,4.7,66.1,216,0,130,4.8,378,11,127,15,52.6,67.8,66,67.7,3,5,396,1,20.8,95.9,7.1,27,24,1,19,16,10,2.5,2259,6.9
2020,Nick Mullens,12282,QB,SF,10,75.6,299,326,6.9,2.52,11,10,2.9,64.7,211,0,131,6.6,348,15,120,28,61.2,56.9,56.7,55.9,11,12,365,2,14.5,84.1,5.5,19,2,0,5,12,21,5.8,2437,7.5
2020,Nick Foles,7089,QB,CHI,9,73.2,284,312,8.3,2.39,7,17,5.2,64.7,202,0,118,2.9,335,6,94,6,72.4,66.5,66.9,51.9,5,8,350,4,15.3,80.8,5.4,18,4,1,15,10,11,3.1,1852,5.9
2020,Mitchell Trubisky,11757,QB,CHI,9,72.2,288,297,8.2,2.68,2,10,3.3,67,199,0,83,4.3,333,9,132,6,33.4,62,58.8,73.4,2,8,340,2,21.7,93.5,5.4,18,17,0,5,16,20,5.9,2055,6.9
2020,Tua Tagovailoa,60326,QB,MIA,10,74.2,275,290,8,2.52,2,7,2.3,64.1,186,0,95,8.8,326,18,107,17,83.9,65.4,63.9,65.4,2,5,347,1,21.1,87.1,6.1,20,16,3,8,11,13,3.7,1814,6.3
2020,Ryan Fitzpatrick,2467,QB,MIA,9,78.2,252,267,8.2,2.37,8,12,4.2,68.5,183,0,98,7.1,299,14,115,17,90.9,75.1,70.7,80,3,8,316,3,14.3,95.6,4.7,14,18,1,3,13,14,4.4,2091,7.8
2020,Alex Smith,2218,QB,WAS,8,78.5,228,252,5.4,2.48,5,10,3.8,66.7,168,0,94,6.1,277,11,74,32,79.7,66,66.9,51.6,2,8,289,4,23.4,78.5,7.9,22,3,0,17,6,7,2.4,1582,6.3
2020,Dwayne Haskins,41897,QB,WAS,7,69.1,230,241,6.9,2.51,5,6,2.4,61.4,148,0,73,6.9,269,11,77,32,65.6,48.4,47.5,59.8,3,7,277,1,27.4,73,7.4,20,7,0,3,5,10,3.6,1439,6
2020,Dak Prescott,10769,QB,DAL,5,78,209,222,8.3,2.59,3,12,5.2,68,151,0,67,7.4,240,12,97,9,74.1,85.2,80.4,78.9,4,4,247,0,14.9,99.6,4.2,10,8,1,5,9,9,3.6,1856,8.4
2020,Mike Glennon,7854,QB,JAX,5,72.3,166,179,8.8,2.42,4,11,6,62,111,0,48,7.5,192,9,57,15,71.6,67.5,69.4,36.3,2,5,198,2,18.8,80.1,4.7,9,4,2,5,7,10,5.1,1072,6
2020,Jalen Hurts,40291,QB,PHI,10,65.1,126,148,10.1,3.37,3,7,4.4,52,77,0,70,6.1,185,5,56,24,23.3,56.2,57.5,55.4,5,4,197,4,17.1,77.6,6.5,12,25,1,13,6,9,4.6,1061,7.2
2020,Brandon Allen,10835,QB,CIN,5,71.9,135,142,7.1,2.51,2,6,3.9,63.4,90,0,36,7.2,155,7,42,7,69.1,56.5,55.7,58.8,2,4,167,1,19.4,82,4.5,7,6,0,3,5,9,5.4,925,6.5
2020,Jimmy Garoppolo,8697,QB,SF,6,74.6,138,140,6.5,2.52,1,4,2.8,67.1,94,0,38,8.7,155,9,56,28,88.6,67.5,65.4,66.3,0,5,159,0,28.9,92.4,7.1,11,4,0,1,7,4,2.5,1096,7.8
2020,Joe Flacco,4332,QB,NYJ,5,67.2,119,134,11.3,2.83,2,9,6.2,55.2,74,1,65,7.5,146,6,39,22,66.6,55.8,55.9,57.8,1,3,160,3,10.8,80.6,4.8,7,5,0,12,6,8,5,864,6.4
2020,Taysom Hill,12112,QB,NO,12,82.6,115,121,7.3,3,1,3,2.3,72.7,88,0,57,7.4,154,7,52,20,19.7,68.6,69.8,73.9,1,2,161,4,24.6,98.8,9.1,14,18,0,4,4,7,4.3,928,7.7
2020,Jake Luton,17287,QB,JAX,3,69.4,98,110,8.4,2.6,4,4,3.5,54.5,60,0,42,11.8,118,8,32,15,59.9,39.8,37.7,70.8,2,6,123,0,16.7,54.5,5.9,7,1,0,6,2,9,7.3,624,5.7
2020,C.J. Beathard,11859,QB,SF,6,78.1,96,104,8.4,2.47,1,4,3.6,63.5,66,0,41,12,114,9,42,28,61.8,69.2,66.4,68.5,2,0,123,0,22,105.7,7.9,9,1,1,4,6,4,3.3,787,7.6
2020,Kyle Allen,26152,QB,WAS,4,81.8,77,87,6.4,2.81,2,3,3.2,69,60,0,31,4.8,98,3,33,32,57.4,68.5,66.7,70.2,1,1,107,2,22.6,99.3,7.1,7,4,0,7,4,3,2.8,610,7
2020,Colt McCoy,5609,QB,NYG,4,62.1,66,66,9.3,2.61,0,1,1.5,60.6,40,0,24,2.4,75,1,19,21,83.7,60.6,62.8,45.6,0,1,78,0,20.8,75,6.7,5,4,0,0,1,2,2.6,375,5.7
2020,Jeff Driskel,10841,QB,DEN,2,70,60,64,10.8,2.63,2,2,2.9,54.7,35,0,37,16.7,78,7,19,10,84.1,55.1,51.3,74.9,0,2,85,0,29.7,78.4,14.1,11,3,0,2,3,3,3.5,432,6.8
2020,Phillip Walker,12134,QB,CAR,4,67.9,53,56,10.4,2.51,2,4,7.1,57.1,32,0,18,11.1,60,4,17,5,82.2,56.8,57,62.6,0,5,61,1,22.2,45.8,6.7,4,0,0,1,1,2,3.3,368,6.6
2020,Jarrett Stidham,13725,QB,NE,5,68.6,35,44,6.9,2.91,2,0,0,50,22,0,21,8.3,50,2,13,19,81.6,42.6,44.9,49.4,1,3,53,0,19,54.7,8,4,2,0,6,2,2,3.8,256,5.8
2020,Mason Rudolph,46569,QB,PIT,3,65.9,41,43,10.8,2.49,0,3,6.5,58.1,25,0,14,7.4,45,2,13,25,81.2,75.4,75.6,55.7,1,1,48,0,7.1,87.7,2.2,1,1,0,1,2,1,2.1,324,7.5
2020,Chase Daniel,5214,QB,DET,4,82.5,40,43,6.5,2.31,1,2,4.5,67.4,29,0,14,12.1,48,4,15,11,80.4,54,51.2,70.7,0,2,50,0,21.4,72.2,6.3,3,2,1,1,1,3,6,264,6.1
2020,Ben DiNucci,34311,QB,DAL,2,65,40,43,8.5,2.76,1,1,2.3,53.5,23,0,22,11.5,51,3,11,9,16.9,25.6,25.5,52.5,0,0,52,0,31.8,67.9,13.7,7,1,1,1,0,6,11.5,219,5.1
2020,Brett Rypien,46487,QB,DEN,2,80,35,40,9.5,2.51,1,4,8.5,67.5,27,0,18,3.6,41,1,12,10,81,40.5,41.5,61.3,0,4,49,1,5.6,66.1,2.4,1,0,0,4,2,5,10.2,295,7.4
2020,Garrett Gilbert,8848,QB,DAL,1,68.8,32,38,11,2.64,3,2,5.1,55.3,21,0,18,4.5,42,1,12,9,79.7,66.4,62.5,73,1,1,43,0,11.1,72.6,4.8,2,2,1,1,1,2,4.7,243,6.4
2020,John Wolford,46454,QB,LA,1,72.7,33,38,10,2.89,2,4,10,57.9,22,0,21,8.3,42,2,14,26,80.5,70.8,64.1,78.8,2,1,44,0,9.5,64.7,4.8,2,2,0,1,0,1,2.3,231,6.1
2020,Chad Henne,4371,QB,KC,3,78.4,37,38,4.2,2.13,0,0,0,73.7,28,0,6,3.4,40,1,15,16,80.4,64.3,65.3,54.6,0,0,43,0,33.3,108.2,5,2,0,0,1,2,0,0,248,6.5
2020,Ryan Finley,46426,QB,CIN,4,56.3,32,32,10.5,2.87,0,2,6.3,53.1,17,0,25,5.6,43,1,9,7,81.1,62,60.3,62.3,0,2,43,0,36,52.1,20.9,9,2,0,0,1,0,0,164,5.1
2020,Tyrod Taylor,6332,QB,LAC,2,66.7,27,30,10.8,2.66,0,1,3,53.3,16,0,11,11.1,34,2,11,27,79.8,59.4,63.1,47.8,1,0,38,0,9.1,75.4,2.9,1,2,0,2,0,0,0,208,6.9
2020,Marcus Mariota,9435,QB,LV,1,72,25,28,10.8,2.89,1,2,6.9,60.7,17,0,5,5.6,32,1,14,23,79.1,82.1,77.4,74.1,0,1,33,0,0,83.3,0,0,4,1,1,1,2,6.1,226,8.1
2020,Brian Hoyer,5277,QB,NE,1,73.9,23,24,8,2.51,0,1,4.2,62.5,15,0,7,11.8,27,2,9,19,25.2,58.8,56.3,63.9,0,1,27,0,28.6,59.4,7.4,2,1,0,1,0,3,11.1,130,5.4
2020,Matt Barkley,7880,QB,BUF,4,68.4,19,21,13.4,2.44,2,2,9.5,52.4,11,0,5,15.4,22,2,9,4,77.5,60.6,59.1,61.6,0,1,22,0,20,80.9,4.5,1,0,0,0,1,2,9.1,197,9.4
2020,Taylor Heinicke,9896,QB,WAS,1,68.4,19,19,13.8,3.13,0,2,10,63.2,12,0,6,7.7,23,1,8,32,76.1,82,78.3,69.4,0,0,24,0,16.7,102.3,4.3,1,3,0,0,1,1,4.2,137,7.2
2020,Blaine Gabbert,6162,QB,TB,2,60,15,16,7.4,2.22,0,0,0,56.3,9,0,5,0,19,0,5,30,77.6,56.8,53.8,63.4,1,0,22,0,20,125.8,5.3,1,2,0,0,2,0,0,143,8.9
2020,Chris Streveler,46440,QB,ARZ,1,68.8,16,16,6.5,2.14,0,0,0,68.8,11,0,6,0,18,0,5,1,76.5,27.4,25.7,66.5,0,1,21,0,33.3,81.5,11.1,2,0,0,0,1,3,14.3,105,6.6
2020,Robert Griffin III,7008,QB,BLT,3,61.5,13,14,6.7,2.08,0,0,0,57.1,8,0,8,0,17,0,1,3,78.4,52.9,36.3,75.2,1,2,20,0,37.5,22.6,17.6,3,0,0,0,0,1,5,42,3
2020,Nate Sudfeld,10821,QB,PHI,1,55.6,9,12,9.7,3.09,0,0,0,41.7,5,0,9,0,15,0,2,24,73.5,32.8,39.7,46.9,0,1,15,0,22.2,14.6,13.3,2,1,0,3,0,1,6.7,32,2.7
2020,Jameis Winston,9434,QB,NO,2,63.6,11,11,5.5,2.65,0,0,0,63.6,7,0,6,0,14,0,5,20,76.3,38.2,39.5,56.6,0,0,15,1,33.3,83.5,14.3,2,1,0,0,0,1,6.7,75,6.8
2020,Trace McSorley,32819,QB,BLT,2,62.5,8,10,9.3,2.74,1,0,0,30,3,0,4,40,11,2,3,3,74.1,57.4,55.5,61.2,0,0,11,0,0,97.9,0,0,1,0,1,1,1,9.1,90,9
2020,Case Keenum,7323,QB,CLV,1,55.6,9,10,3.6,2.11,0,0,0,50,5,0,2,0,10,0,2,8,71.4,44.7,45.4,,0,0,10,0,0,62.9,0,0,0,0,1,0,0,0,46,4.6
2020,David Blough,46508,QB,DET,1,66.7,9,10,9.8,3.26,1,0,0,60,6,0,8,0,12,0,2,11,73.2,33.6,29.5,65.9,0,1,14,0,12.5,32.9,8.3,1,1,0,0,0,2,14.3,49,4.9
2020,Kendall Hinton,34045,QB,DEN,1,12.5,8,9,15.8,3.58,0,0,0,11.1,1,0,5,0,11,0,1,10,72.6,24,24.3,61.3,0,2,11,1,20,0,9.1,1,1,0,1,0,4,36.4,13,1.4
2020,Jacoby Brissett,10725,QB,IND,5,42.9,7,8,9.1,3.37,0,0,0,25,2,0,5,33.3,11,1,2,14,78.1,75.6,52.5,88.2,0,0,11,2,40,39.6,18.2,2,1,0,1,0,0,0,17,2.1
2020,Nathan Peterman,11926,QB,LV,1,60,5,5,2,2.91,0,0,0,60,3,0,2,0,8,0,2,23,70.3,60.2,54.4,63.9,0,0,8,0,100,72.9,25,2,1,0,0,0,0,0,25,5
2020,Tyler Huntley,46448,QB,BLT,2,60,5,5,12.4,2.84,0,0,0,60,3,0,2,0,5,0,0,3,74.9,63.9,68.2,58,0,0,5,0,0,64.6,0,0,0,0,0,0,0,0,15,3
2020,Joshua Dobbs,11890,QB,PIT,1,100,4,5,-3.5,2.14,0,0,0,80,4,0,1,0,5,0,0,25,70.2,70,61.8,68.7,0,0,5,0,0,79.2,0,0,0,0,1,0,0,0,2,0.4
2020,Tyler Bray,8440,QB,CHI,1,33.3,3,5,11.7,2.22,0,0,0,20,1,0,2,0,5,0,1,6,68,40.7,42.2,,1,0,5,0,0,42.1,0,0,0,1,0,0,0,0,18,3.6
2020,Geno Smith,7820,QB,SEA,1,100,4,5,4.5,2.32,0,0,0,80,4,0,2,0,6,0,3,29,70.8,62.2,67.4,53.9,1,0,6,0,50,94.2,16.7,1,0,0,0,0,0,0,33,6.6
2020,Jarvis Landry,8698,WR,CLV,4,100,4,4,14.5,3.65,0,2,50,100,4,1,3,0,4,0,4,8,51.7,84.1,89.9,70.2,0,0,4,4,0,158.3,0,0,0,0,0,1,0,0,74,18.5
2020,Logan Woodside,46517,QB,TEN,2,33.3,3,3,6.3,2.5,0,0,0,33.3,1,0,0,0,3,0,1,31,72.8,66.4,60,66.5,0,0,3,0,,42.4,0,0,0,0,0,0,0,0,7,2.3
2020,Lynn Bowden Jr.,61361,WR,MIA,3,50,2,2,7.5,5.83,0,0,0,50,1,0,1,0,4,0,1,17,78.8,68.8,55.5,77.9,0,0,4,0,0,95.8,0,0,2,0,0,0,0,0,32,16
2020,Travis Kelce,7844,TE,KC,2,50,2,2,0.5,3.15,0,0,0,50,1,0,0,0,2,0,1,16,59.7,93.5,58.8,,0,0,2,7,,56.3,0,0,0,0,0,0,0,0,4,2
2020,Golden Tate,5585,WR,NYG,2,100,1,2,-6,4.7,0,0,0,50,1,1,2,0,2,0,1,21,79.9,66,58.8,,0,0,2,2,0,81.3,0,0,0,0,1,0,0,0,18,9
2020,Julian Edelman,5156,WR,NE,1,100,2,2,-1.5,3.85,0,0,0,100,2,0,0,0,2,0,2,19,75.8,68.8,61.6,62.6,0,0,2,0,,118.8,0,0,0,0,0,0,0,0,38,19
2020,Russell Gage,44771,WR,ATL,2,100,2,2,38,2.75,0,2,100,50,1,0,1,50,2,1,1,2,81.8,76.4,98.8,62.6,0,0,2,1,0,135.4,0,0,0,0,0,1,0,0,39,19.5
2020,Tyler Boyd,10689,WR,CIN,2,50,2,2,0.5,3.65,0,0,0,50,1,1,1,0,2,0,1,7,53.8,75.8,55,65.6,0,0,2,3,0,77.1,0,0,0,0,0,0,0,0,16,8
2020,Jakobi Meyers,47468,WR,NE,2,100,2,2,20,3.65,0,1,50,100,2,0,1,0,2,0,2,19,46.4,78.6,85.4,60.3,0,0,2,3,0,158.3,0,0,0,0,0,2,0,0,43,21.5
2020,Cedrick Wilson,48170,WR,DAL,3,100,2,2,1,4,0,0,0,100,2,0,2,0,4,0,1,9,79.9,61.1,71.2,56,0,0,4,1,100,154.2,50,2,0,0,0,1,0,0,23,11.5
2020,Alex Erickson,11107,WR,CIN,1,0,1,1,21,4.6,0,0,0,0,0,0,1,,1,0,0,7,29.6,53.4,51.2,28.6,0,0,1,0,0,39.6,0,0,0,0,0,0,0,0,0,0
2020,Riley Dixon,10862,P,NYG,2,0,1,1,12,2.5,0,0,0,0,0,0,0,,1,0,0,21,63.6,64.3,63,,0,0,2,0,,39.6,0,0,0,0,0,0,0,0,0,0
2020,Andy Lee,1906,P,ARZ,1,100,1,1,13,2.1,0,0,0,100,1,0,0,0,1,0,1,1,60.4,73.1,68.8,,0,0,1,0,,118.8,0,0,0,0,0,0,0,0,26,26
2020,Isaiah Wright,40113,WR,WAS,1,,0,1,,6.4,0,0,0,0,0,0,1,,1,0,0,32,48.2,59,60,66.5,0,0,1,0,0,39.6,0,0,0,0,1,0,0,0,0,0
2020,Keenan Allen,7857,WR,LAC,1,0,1,1,15,2.9,0,0,0,0,0,1,0,,1,0,0,27,58.1,84.9,48.9,,0,0,1,2,,39.6,0,0,0,0,0,0,0,0,0,0
2020,Chris Jones,6798,P,DAL,1,100,1,1,9,2.3,0,0,0,0,0,0,0,100,1,1,0,9,64.5,54.4,56.5,60,0,0,1,0,,39.6,0,0,0,0,0,0,0,0,0,0
2020,Isaiah McKenzie,11927,WR,BUF,1,100,1,1,-5,2.8,0,0,0,100,1,1,0,0,1,0,1,4,80.5,72.1,60,46.7,0,0,1,2,,156.3,0,0,0,0,0,1,0,0,12,12
2020,D.J. Moore,48267,WR,CAR,1,0,1,1,7,4,0,0,0,0,0,0,0,,1,0,0,5,81.6,79.1,53.5,75.3,0,0,1,3,,39.6,0,0,0,0,0,0,0,0,0,0
2020,Brett Kern,4580,P,TEN,2,0,1,1,17,4,0,0,0,0,0,0,1,,1,0,0,31,60.4,53.8,55.5,,0,0,2,0,0,39.6,0,0,0,0,0,0,0,0,0,0
2020,Jaquan Johnson,51433,S,BUF,1,100,1,1,10,1.1,0,0,0,100,1,0,0,0,1,0,1,4,67.7,73.1,68.8,,0,0,1,0,,118.8,0,0,0,0,0,0,0,0,13,13
2020,Zay Jones,11792,WR,LV,1,100,1,1,26,3.2,0,0,0,100,1,0,0,0,1,0,1,23,73,62.9,72.1,,0,0,1,1,,118.8,0,0,0,0,0,0,0,0,29,29
2020,Jamal Agnew,11920,WR,DET,1,0,1,1,14,4.3,0,1,100,0,0,0,0,,1,0,0,11,34.2,56.7,77.6,61.6,0,0,1,1,,39.6,0,0,0,0,0,0,0,0,0,0
2020,Sammy Watkins,8639,WR,KC,1,0,1,1,23,4.5,0,0,0,0,0,0,0,,1,0,0,16,29.3,64.4,60.1,59.2,0,1,1,2,,0,0,0,0,0,0,0,0,0,0,0
2020,Jamison Crowder,9538,WR,NYJ,1,100,1,1,26,3.9,0,0,0,100,1,0,0,0,1,0,1,22,80.8,75.3,71,63.1,0,0,1,2,,158.3,0,0,0,0,0,1,0,0,43,43
2020,A.J. McCarron,8799,QB,HST,2,100,1,1,18,2.9,0,0,0,100,1,0,1,0,2,0,1,13,63.6,64.1,63.3,,0,0,2,0,100,118.8,50,1,0,0,0,0,0,0,20,20
2020,Zach Pascal,12303,WR,IND,1,0,1,1,13,3,0,0,0,0,0,1,0,,1,0,0,14,79.2,64.2,48.9,,0,0,1,4,,39.6,0,0,0,0,0,0,0,0,0,0
2020,Logan Thomas,8755,TE,WAS,1,100,1,1,28,4.2,0,1,100,100,1,0,0,0,1,0,1,32,82.1,64.5,79.9,63.9,0,0,1,4,,118.8,0,0,0,0,0,0,0,0,28,28
2020,Greg Ward,12258,WR,PHI,2,100,1,1,15,5.9,0,0,0,100,1,1,2,0,2,0,1,24,41.3,58.8,68.8,48.6,0,0,2,1,0,118.8,0,0,1,0,0,0,0,0,15,15
2020,Randall Cobb,6216,WR,HST,1,0,1,1,16,2.7,0,0,0,0,0,0,0,,1,0,0,13,77.9,71.6,46.4,,0,0,1,0,,39.6,0,0,0,0,0,0,0,0,0,0
2020,Easton Stick,29466,QB,LAC,1,100,1,1,0,2.2,0,0,0,100,1,0,0,0,1,0,0,27,64.5,54.5,60.1,56.9,0,0,1,0,,83.3,0,0,0,0,0,0,0,0,4,4
2020,Cole Beasley,7330,WR,BUF,1,100,1,1,23,3.3,0,0,0,100,1,0,0,0,1,0,1,4,82.3,84.9,72.1,,0,0,1,2,,158.3,0,0,0,0,0,1,0,0,20,20
2020,Tommy Townsend,33007,P,KC,1,100,1,1,6,2,0,0,0,100,1,0,0,0,1,0,1,16,60.4,70.7,67.2,,0,0,1,0,,118.8,0,0,0,0,0,0,0,0,13,13
2020,Joseph Charlton,33672,P,CAR,2,100,1,1,18,2.45,0,0,0,100,1,0,1,0,2,0,1,5,63.6,69.6,67.4,,0,0,2,0,100,118.8,50,1,0,0,0,0,0,0,28,28
2020,Odell Beckham Jr.,8647,WR,CLV,1,100,1,1,17,3.6,0,0,0,100,1,0,0,0,1,0,1,8,76.5,75.3,55.1,90.2,0,0,1,2,,118.8,0,0,0,0,0,0,0,0,18,18
2020,Sam Koch,3148,P,BLT,1,100,1,1,9,2,0,0,0,100,1,0,0,0,1,0,1,3,60.4,70.7,67.2,,0,0,1,0,,118.8,0,0,0,0,0,0,0,0,15,15
2021,Tom Brady,698,QB,TB,4,74.9,171,184,9.5,2.43,3,17,8.9,64.7,119,0,48,7,195,9,73,30,90,92.8,91.7,67.6,0,2,202,0,14.6,100.4,3.6,7,4,0,10,10,0,0,1360,7.4
2021,Ben Roethlisberger,1732,QB,PIT,4,73.8,164,170,7,2.33,3,6,3.4,64.1,109,0,39,9.9,182,12,51,25,33.8,53.8,53.2,61.9,2,4,190,0,25.6,78.9,5.5,10,2,0,1,4,8,4.2,1033,6.1
2021,Derek Carr,8671,QB,LV,4,77.3,154,170,9.7,2.72,5,16,9,64.1,109,0,64,8.4,187,10,60,23,72,83.2,83.5,52.8,1,3,195,2,18.8,98.1,6.4,12,5,2,8,8,5,2.6,1399,8.2
2021,Justin Herbert,28237,QB,LAC,4,81.6,152,164,7.7,2.61,3,7,3.9,68.9,113,0,48,8.9,176,11,63,27,90,87.5,87,55.6,2,3,190,0,14.6,100.1,4,7,5,0,7,9,4,2.1,1178,7.2
2021,Jared Goff,10635,QB,DET,4,76,154,161,7,2.79,1,5,2.9,68.3,110,1,63,6,179,7,60,11,30.1,66.1,69,38.5,1,2,193,4,15.9,96.8,5.6,10,8,0,5,7,5,2.6,1100,6.8
2021,Mac Jones,60323,QB,NE,4,77.6,152,160,7.7,2.59,3,6,3.6,70,112,0,58,5.1,174,6,50,19,47.3,71.8,69.9,67.7,0,4,184,1,17.2,84.7,5.7,10,3,0,5,4,5,2.7,1012,6.3
2021,Matt Ryan,4317,QB,ATL,4,75.3,150,159,6.6,2.55,3,4,2.3,67.9,108,0,54,4.4,170,5,51,2,70.2,74.5,72.1,70.2,2,3,184,2,14.8,93.5,4.7,8,3,1,3,8,5,2.7,990,6.2
2021,Kirk Cousins,7102,QB,MIN,4,84.2,139,157,6.7,2.41,5,6,3.6,68.8,108,0,56,7.7,167,9,56,18,50.5,85,83.4,67.2,7,1,180,1,12.5,105.6,4.2,7,3,1,5,9,4,2.2,1121,7.1
2021,Josh Allen,46601,QB,BUF,4,73.2,142,156,9.9,2.78,4,11,6.7,63.5,99,0,67,4.8,170,5,57,4,53.4,74.1,70.1,75.1,1,2,180,0,7.5,97,2.9,5,8,0,9,9,8,4.4,1052,6.7
2021,Ryan Tannehill,7014,QB,TEN,4,75.7,140,151,8.7,2.52,2,9,5.5,63.6,96,0,60,9.4,176,10,61,31,52.7,90,85.2,82.9,6,3,188,1,28.3,86.9,9.7,17,8,0,3,5,2,1.1,1054,7
2021,Sam Darnold,29048,QB,CAR,4,75.5,139,146,7.9,2.8,0,7,4.5,67.8,99,0,53,5.7,160,6,61,5,47.6,74.2,73.3,64.5,1,3,169,2,18.9,95.4,6.3,10,4,0,6,5,5,3,1189,8.1
2021,Jalen Hurts,40291,QB,PHI,4,75.4,130,145,8.2,2.99,5,10,6.4,66.2,96,0,60,2,174,2,57,24,72.2,79.2,75.3,76.7,2,2,187,2,13.3,101.1,4.6,8,19,1,7,7,5,2.7,1167,8
2021,Daniel Jones,39395,QB,NYG,4,77.2,136,144,9.1,2.72,3,6,3.8,66.7,96,0,52,8.6,166,9,56,21,35,86.9,88,58.3,1,1,181,1,15.4,98.3,4.8,8,14,1,3,4,4,2.2,1184,8.2
2021,Trevor Lawrence,77632,QB,JAX,4,67.9,131,142,9.4,2.81,0,6,3.9,57,81,0,53,9,156,8,40,15,69.5,54,50.3,73.5,2,7,168,0,11.3,66.4,3.8,6,7,1,8,5,9,5.4,873,6.1
2021,Patrick Mahomes,11765,QB,KC,4,83.6,128,141,8.9,2.71,1,5,3.3,72.3,102,0,53,4.7,159,5,75,16,68.6,82.2,77.8,81.5,2,4,170,2,9.4,119.6,3.1,5,12,0,10,14,5,2.9,1218,8.6
2021,Zach Wilson,82096,QB,NYJ,4,71,131,139,9.4,3.06,2,7,4.7,56.8,79,0,68,15.1,159,14,38,22,68.4,61.4,58.7,74.8,2,8,168,0,25,62.8,10.7,17,3,0,4,4,9,5.4,925,6.7
2021,Carson Wentz,10636,QB,IND,4,76.9,121,138,7.5,2.82,2,5,3.4,63.8,88,0,74,5.4,156,5,44,14,69.3,72.6,70.9,64.8,7,1,167,1,13.5,92.1,6.4,10,8,0,8,5,0,0,920,6.7
2021,Matthew Stafford,4924,QB,LA,4,77.1,131,135,8.6,2.53,1,5,3.5,68.1,92,0,35,8.9,141,9,58,26,88.6,80.7,78.7,69.7,2,2,148,1,8.6,117.5,2.1,3,3,0,1,11,2,1.4,1220,9
2021,Kyler Murray,38334,QB,ARZ,4,83.2,125,134,7.9,2.91,1,13,9.4,76.1,102,0,41,1.9,153,2,59,1,89.2,87.6,86.3,70.6,0,4,159,1,19.5,115.1,5.2,8,10,0,8,9,3,1.9,1274,9.5
2021,Dak Prescott,10769,QB,DAL,4,79.7,128,133,7.5,2.46,2,7,4.7,75.2,100,0,43,2,149,2,59,9,49.1,76,78.4,46.1,2,2,165,1,16.3,116.9,4.7,7,7,0,1,10,4,2.4,1066,8
2021,Lamar Jackson,46416,QB,BLT,4,73.6,110,124,12.5,3.09,3,9,6.9,60.5,75,0,57,7.4,149,6,52,3,30,83.8,79.7,76.5,3,3,158,1,19.3,89.3,7.4,11,14,2,6,4,6,3.8,1077,8.7
2021,Aaron Rodgers,2241,QB,GB,4,72.2,115,124,9.7,2.54,1,9,6.8,64.5,80,0,36,3.6,136,3,49,12,87.9,68.9,69,56,1,2,146,1,22.2,100.8,5.9,8,4,2,5,8,4,2.7,897,7.2
2021,Jacoby Brissett,10725,QB,MIA,3,76.4,110,119,7.5,2.88,0,4,3.1,63.9,76,0,60,9.5,139,8,37,17,44.5,72,69.9,67.1,6,1,150,1,15,77.8,6.5,9,11,1,2,2,7,4.7,583,4.9
2021,Jimmy Garoppolo,8697,QB,SF,4,76.6,111,118,6.9,2.51,0,0,0,66.1,78,0,35,8.2,128,7,46,28,59.6,60.8,58.3,68.3,2,2,133,1,17.1,96.9,4.7,6,4,1,4,5,7,5.3,925,7.8
2021,Taylor Heinicke,9896,QB,WAS,4,77.4,115,118,8.3,2.96,0,5,3.9,69.5,82,0,37,7.9,137,7,47,32,88.1,58.8,60,54.9,0,3,149,1,8.1,105.9,2.2,3,16,1,2,8,6,4,960,8.1
2021,Baker Mayfield,46518,QB,CLV,4,73.3,105,113,9.7,2.9,3,7,5.9,65.5,74,0,42,3.9,136,3,49,8,65.5,68.8,69.1,56.5,0,2,143,1,28.6,89.7,8.8,12,11,1,4,2,3,2.1,935,8.3
2021,Teddy Bridgewater,8667,QB,DEN,4,80.2,106,111,9.6,2.93,2,4,3.5,72.1,80,0,54,5.9,127,5,46,10,87.2,77.9,76,65.3,1,0,131,0,16.7,110.6,7.1,9,7,0,2,5,1,0.8,892,8
2021,Russell Wilson,7077,QB,SEA,4,79.2,101,109,8.9,2.76,0,8,7,72.5,79,0,49,1.3,130,1,46,29,87.4,83,82.8,63.5,1,0,136,1,24.5,129.9,9.2,12,9,0,7,9,0,0,1044,9.6
2021,Joe Burrow,28022,QB,CIN,4,77.9,104,107,8.4,2.43,1,6,5.4,72.9,78,0,32,3.7,118,3,45,7,87.1,86.1,84.5,62.5,0,4,125,1,31.3,113.8,8.5,10,1,1,1,9,4,3.2,988,9.2
2021,Jameis Winston,9434,QB,NO,4,76.3,76,86,9,3.06,2,6,6.7,64,55,0,40,5.2,101,3,36,20,85.8,73,67,81.4,4,2,104,2,15,106.4,5.9,6,7,0,4,8,4,3.8,613,7.1
2021,Davis Mills,52269,QB,HST,3,66.7,60,67,9.4,2.67,2,1,1.3,56.7,38,0,25,5,76,2,19,13,26.9,35.1,38.8,38.2,1,5,87,0,32,50.4,10.5,8,1,1,3,2,6,6.9,357,5.3
2021,Justin Fields,82118,QB,CHI,4,53.1,49,52,9.9,3.03,0,6,10.5,48.1,25,0,29,3.8,70,1,12,6,27.8,57.5,55.5,65.4,2,2,75,2,41.4,53.9,17.1,12,6,0,1,0,3,4,347,6.7
2021,Andy Dalton,6187,QB,CHI,2,84.4,45,49,4.6,2.49,2,1,2,73.5,36,0,14,5.3,57,2,19,6,81.3,77.4,69.3,89,0,1,59,0,28.6,83.9,7,4,4,0,2,1,1,1.7,262,5.3
2021,Tyrod Taylor,6332,QB,HST,2,74.4,43,44,8.5,2.8,0,3,6.3,70.5,31,0,22,3.1,49,1,20,13,80.8,75.8,72.3,71.3,0,0,53,0,4.5,122.9,2,1,4,0,1,3,1,1.9,416,9.5
2021,Tua Tagovailoa,60326,QB,MIA,2,65.5,29,31,9,2.49,0,1,3,54.8,17,0,11,10.5,35,2,9,17,79.6,55.9,52.8,68.5,1,1,37,0,36.4,74,11.4,4,0,0,1,1,2,5.4,215,6.9
2021,Drew Lock,39517,QB,DEN,1,57.1,21,21,9.6,2.6,0,1,4.5,57.1,12,0,12,0,24,0,4,10,76.3,50.8,51.1,,0,1,25,0,25,52.3,12.5,3,0,0,0,0,1,4,113,5.4
2021,Trey Lance,91399,QB,SF,3,64.7,17,19,8.6,3.53,1,0,0,52.6,10,0,10,9.1,25,1,9,28,79,50.1,49.5,56.3,0,0,28,0,10,121.1,4,1,5,0,1,3,1,3.6,162,8.5
2021,Jordan Love,40306,QB,GB,1,71.4,7,7,13,2.53,0,1,14.3,71.4,5,0,1,0,8,0,3,12,20.1,76.2,75.5,60.5,0,0,8,0,100,102.1,12.5,1,0,0,0,0,1,12.5,68,9.7
2021,Ryan Fitzpatrick,2467,QB,WAS,1,80,5,6,3.8,2.59,0,0,0,50,3,0,5,25,8,1,0,32,70.3,38.9,42.5,55.7,1,0,9,0,20,56.3,12.5,1,1,0,0,0,1,11.1,13,2.2
2021,Jacob Eason,46444,QB,IND,1,40,5,5,12.4,2.9,0,0,0,40,2,0,1,0,5,0,2,14,68,29.6,31.5,,0,1,5,0,0,16.7,0,0,0,0,0,0,1,20,25,5
2021,Taysom Hill,12112,QB,NO,4,75,4,4,11.5,3.63,0,0,0,75,3,0,5,0,7,0,4,20,77.4,74.2,40.2,90.7,0,1,7,0,20,37.5,14.3,1,2,0,0,0,1,14.3,12,3
2021,Mitchell Trubisky,11757,QB,BUF,2,100,2,2,0.5,3.3,0,0,0,100,2,0,1,0,4,0,2,4,73.7,81.5,62.1,78.2,0,0,4,0,0,85.4,0,0,2,0,0,0,0,0,9,4.5
2021,Jakobi Meyers,47468,WR,NE,1,100,2,2,5,3.75,0,1,50,100,2,0,1,0,2,0,1,19,76.3,66.6,78.1,,0,0,2,0,0,118.8,0,0,0,0,0,0,0,0,45,22.5
2021,Josh Rosen,35460,QB,ATL,1,0,2,2,7.5,2.25,0,0,0,0,0,0,2,,2,0,0,2,63.6,50.4,50.5,,0,0,2,0,0,39.6,0,0,0,0,0,0,0,0,0,0
2021,Matthias Farley,10953,S,TEN,1,100,1,1,4,1.6,0,0,0,100,1,0,0,0,1,0,1,31,60.4,54.6,56.3,,0,0,1,0,,91.7,0,0,0,0,0,0,0,0,6,6
2021,D'Andre Swift,57212,HB,DET,1,,0,1,,2.4,0,0,0,0,0,0,1,,1,0,0,11,83.4,67.9,60,63.1,1,0,1,0,0,39.6,0,0,0,0,0,0,0,0,0,0
2021,Ty Long,9728,K,LAC,1,0,1,1,10,1.8,0,0,0,0,0,0,0,,1,0,0,27,60.4,60,60,,0,0,1,0,,39.6,0,0,0,0,0,0,0,0,0,0
2021,Greg Ward,12258,WR,PHI,1,0,1,1,12,6.6,0,0,0,0,0,0,1,,1,0,0,24,65.7,53.7,51.4,,0,0,1,0,0,39.6,0,0,0,0,0,0,0,0,0,0
2021,Justin Jefferson,61398,WR,MIN,1,100,1,1,10,5.1,0,0,0,100,1,0,1,0,1,0,1,18,76.1,85.7,68.8,,0,0,1,0,0,112.5,0,0,0,0,0,0,0,0,11,11
