"","yearly_id","down1","down2","down3","down4"
"1","2021_00-0019596",96.6336633663366,96.2962962962963,95.3389830508475,94.4444444444444
"2","2021_00-0022531",86.7605633802817,85.5633802816901,86.0335195530726,79.1666666666667
"3","2021_00-0022924",99.1341991341991,98.936170212766,99.5983935742972,96.6666666666667
"4","2021_00-0023459",93.5684647302905,93.9828080229226,93.3962264150943,85.7142857142857
"5","2021_00-0023682",33.3333333333333,25,36.3636363636364,0
"6","2021_00-0024243",50,47.8378378378378,16.5178571428571,25
"7","2021_00-0024270",96.3282937365011,95.1977401129944,95.1111111111111,87.5
"8","2021_00-0025394",30.9734513274336,30.6818181818182,4.91803278688525,12.5
"9","2021_00-0026035",26.6331658291457,31.7365269461078,68.8524590163934,60
"10","2021_00-0026143",96.9483568075117,97.5609756097561,96.7289719626168,91.304347826087
"11","2021_00-0026158",46.6666666666667,50,50,20
"12","2021_00-0026166",98.2062780269058,98.2300884955752,97.1153846153846,92.3076923076923
"13","2021_00-0026189",29.7959183673469,28.9473684210526,31.0810810810811,13.3333333333333
"14","2021_00-0026197",10.2362204724409,11.4583333333333,10.3448275862069,20
"15","2021_00-0026293",3.27868852459016,1.53846153846154,0,0
"16","2021_00-0026300",56.4814814814815,56,65.7894736842105,100
"17","2021_00-0026498",98.5815602836879,98.3529411764706,97.7011494252874,100
"18","2021_00-0026544",6.06060606060606,8,7.69230769230769,0
"19","2021_00-0026625",10.5691056910569,11.7647058823529,6.97674418604651,0
"20","2021_00-0026982",46.875,50,56.25,0
"21","2021_00-0026997",99.646017699115,99.5049504950495,99.163179916318,96.2962962962963
"22","2021_00-0027061",51.1827956989247,58.356940509915,80.184331797235,80.5555555555556
"23","2021_00-0027648",82.5806451612903,83.2402234636871,84.375,75
"24","2021_00-0027656",78.9333333333333,78.9830508474576,70.5882352941177,64.2857142857143
"25","2021_00-0027685",75.6871035940803,76.3848396501458,78.5,71.4285714285714
"26","2021_00-0027688",39.4230769230769,38.5964912280702,41,50
"27","2021_00-0027691",6.69856459330144,7.14285714285714,8.16326530612245,0
"28","2021_00-0027696",26.4623955431755,27.8571428571429,21.9101123595506,40
"29","2021_00-0027793",55.2486187845304,63.9751552795031,62.7659574468085,33.3333333333333
"30","2021_00-0027857",97.4257425742574,97.7900552486188,97.6525821596244,74.0740740740741
"31","2021_00-0027875",62.0689655172414,59.2592592592593,52.3809523809524,0
"32","2021_00-0027939",40.9090909090909,40.1360544217687,39,29.4117647058824
"33","2021_00-0027942",75.9574468085106,82.5396825396825,91.5555555555556,76.9230769230769
"34","2021_00-0027944",59.2334494773519,61.1872146118721,77.037037037037,71.4285714285714
"35","2021_00-0027947",92.2437673130194,90.7749077490775,89.8876404494382,100
"36","2021_00-0027948",10.5590062111801,11.3636363636364,15.0684931506849,25
"37","2021_00-0027955",91.9786096256685,92.3076923076923,93.5643564356436,88
"38","2021_00-0027966",50.1650165016502,41.2,24.5810055865922,29.4117647058824
"39","2021_00-0027973",74.2268041237113,71.3414634146341,69.3069306930693,94.4444444444444
"40","2021_00-0027981",53.5248041775457,44.6808510638298,37.799043062201,42.3076923076923
"41","2021_00-0027993",96.2666666666667,96.7320261437908,97.8494623655914,100
"42","2021_00-0028002",38.0681818181818,46.1832061068702,69.6969696969697,72.2222222222222
"43","2021_00-0028042",21.474358974359,16.597510373444,5.66037735849057,23.0769230769231
"44","2021_00-0028063",0,0,7.14285714285714,0
"45","2021_00-0028076",89.6907216494845,87.8048780487805,85.9649122807018,100
"46","2021_00-0028097",42,33.1189710610932,9.40594059405941,40
"47","2021_00-0028118",85.1351351351351,85.3658536585366,85.4166666666667,40
"48","2021_00-0028129",91.0984848484848,88.9175257731959,87.3469387755102,83.8709677419355
"49","2021_00-0028237",21.2121212121212,26.6666666666667,29.5454545454545,0
"50","2021_00-0028292",3.63036303630363,1.70940170940171,2.18978102189781,11.1111111111111
"51","2021_00-0028986",39.6825396825397,40.1408450704225,41.4893617021277,46.1538461538462
"52","2021_00-0029000",60.9756097560976,65.564738292011,77.4193548387097,68.4210526315789
"53","2021_00-0029119",15.5440414507772,10.062893081761,4.08163265306122,20
"54","2021_00-0029144",90.6515580736544,90.4580152671756,90.1960784313726,93.3333333333333
"55","2021_00-0029164",100,100,100,100
"56","2021_00-0029239",21.7977528089888,26.2686567164179,77.1428571428572,72.2222222222222
"57","2021_00-0029263",96.448087431694,96.3898916967509,97.6744186046512,100
"58","2021_00-0029269",11.1111111111111,4.15094339622642,1.30718954248366,0
"59","2021_00-0029293",88.6160714285714,92.5816023738872,94.392523364486,78.5714285714286
"60","2021_00-0029316",91.9354838709677,91.9308357348703,92.1296296296296,92.3076923076923
"61","2021_00-0029413",97.5510204081633,97.8835978835979,97.9166666666667,100
"62","2021_00-0029419",93.956043956044,94.5736434108527,93.0555555555556,85.7142857142857
"63","2021_00-0029528",93.5860058309038,93.7007874015748,92.2155688622755,100
"64","2021_00-0029546",49.1803278688525,52.0833333333333,60,50
"65","2021_00-0029567",100,100,100,100
"66","2021_00-0029592",98.014440433213,98.7775061124694,99.5689655172414,96.6666666666667
"67","2021_00-0029604",100,100,100,100
"68","2021_00-0029608",43.1654676258993,55.6603773584906,76.5151515151515,43.75
"69","2021_00-0029632",37.4485596707819,38.9937106918239,81.4432989690722,66.6666666666667
"70","2021_00-0029664",27.319587628866,25.4295532646048,26.0115606936416,0
"71","2021_00-0029672",92.4290220820189,93.0327868852459,90.6666666666667,84.6153846153846
"72","2021_00-0029679",73.3333333333333,78.5714285714286,80.7692307692308,66.6666666666667
"73","2021_00-0029685",96.2145110410095,95.8677685950413,95.7446808510638,95
"74","2021_00-0029701",98.7755102040816,98.6772486772487,99.1666666666667,100
"75","2021_00-0029709",31.6546762589928,31.0924369747899,35.1351351351351,12.5
"76","2021_00-0029738",31.9066147859922,26.9430051813472,20.5357142857143,20
"77","2021_00-0029892",57.8761061946903,53.2178217821782,58.5774058577406,70.3703703703704
"78","2021_00-0029895",97.4257425742574,97.5308641975309,97.0338983050847,94.4444444444444
"79","2021_00-0029963",72.4137931034483,66.6666666666667,62.5,33.3333333333333
"80","2021_00-0030035",84.010152284264,83.2775919732441,89.010989010989,85.7142857142857
"81","2021_00-0030046",51.9480519480519,52.7777777777778,49.0566037735849,100
"82","2021_00-0030061",73.0223123732251,78.167115902965,72.1991701244813,85.7142857142857
"83","2021_00-0030066",11.6666666666667,12.5,12,0
"84","2021_00-0030067",92.2077922077922,90.9774436090226,93.1818181818182,100
"85","2021_00-0030068",45.3703703703704,41.7624521072797,46.3414634146341,33.3333333333333
"86","2021_00-0030074",37.9310344827586,38.0952380952381,50,33.3333333333333
"87","2021_00-0030076",100,100,100,100
"88","2021_00-0030083",79.020979020979,83.1932773109244,79.1666666666667,63.6363636363636
"89","2021_00-0030085",41.1504424778761,42.8571428571429,34.7826086956522,30
"90","2021_00-0030097",100,99.7354497354497,100,100
"91","2021_00-0030108",68.5483870967742,64.2361111111111,54.7058823529412,48
"92","2021_00-0030155",25.3694581280788,23.780487804878,7.69230769230769,22.7272727272727
"93","2021_00-0030181",62.6283367556468,54.8209366391185,44.7963800904977,76.9230769230769
"94","2021_00-0030273",99.2063492063492,98.9583333333333,98.6111111111111,100
"95","2021_00-0030279",86.7102396514161,84.9431818181818,93.6073059360731,91.4285714285714
"96","2021_00-0030288",29.1666666666667,32.0388349514563,50.9174311926605,31.25
"97","2021_00-0030431",92.7272727272727,93.3673469387755,90.5172413793103,90.9090909090909
"98","2021_00-0030456",11.2469437652812,12.1794871794872,57.6271186440678,37.5
"99","2021_00-0030465",15.3846153846154,15.7894736842105,20,0
"100","2021_00-0030496",29.5546558704453,24.8648648648649,38.0530973451327,8.33333333333333
"101","2021_00-0030506",78.0290791599354,83.8495575221239,93.75,78.5714285714286
"102","2021_00-0030513",39.1402714932127,36.7952522255193,30.9782608695652,61.9047619047619
"103","2021_00-0030520",78.2608695652174,73.8636363636364,69.6969696969697,77.7777777777778
"104","2021_00-0030525",32.1212121212121,38.7755102040816,44.8717948717949,29.1666666666667
"105","2021_00-0030561",95.0980392156863,94.0789473684211,93.1578947368421,90.9090909090909
"106","2021_00-0030564",82.5503355704698,84.7107438016529,87.5968992248062,75
"107","2021_00-0030565",83.0357142857143,83.7209302325581,86.9565217391304,66.6666666666667
"108","2021_00-0030578",50,48.3766233766234,40.5940594059406,30
"109","2021_00-0030584",90.2552204176334,89.0282131661442,88.5416666666667,81.8181818181818
"110","2021_00-0030585",88.2352941176471,89.0322580645161,89.6174863387978,80
"111","2021_00-0030648",97.2924187725632,97.3105134474328,96.1206896551724,100
"112","2021_00-0030663",7.23404255319149,9.94764397905759,11.7117117117117,18.1818181818182
"113","2021_00-0030669",35.7333333333333,35.5987055016181,41.8367346938776,46.6666666666667
"114","2021_00-0030694",96.8127490039841,95.1965065502183,93.9024390243902,85.7142857142857
"115","2021_00-0030725",90.9722222222222,91.7948717948718,94.0298507462687,89.4736842105263
"116","2021_00-0030781",96.5665236051502,96.6197183098592,96.3133640552995,94.7368421052632
"117","2021_00-0030792",92.3076923076923,91.9354838709677,91.1764705882353,90
"118","2021_00-0030827",86.5168539325843,87.8048780487805,88.6363636363636,84.2105263157895
"119","2021_00-0030829",31.7708333333333,31.4814814814815,38.2022471910112,75
"120","2021_00-0030869",52.317880794702,50.9259259259259,55.2631578947368,37.5
"121","2021_00-0030874",16.2251655629139,22.2689075630252,26.1744966442953,26.0869565217391
"122","2021_00-0030968",32.9411764705882,24.6951219512195,7.981220657277,13.6363636363636
"123","2021_00-0031019",95.4347826086957,93.8718662952646,94.1441441441441,97.2972972972973
"124","2021_00-0031022",91.4893617021277,90.2654867256637,94.5205479452055,83.3333333333333
"125","2021_00-0031039",67.4698795180723,70,65.625,0
"126","2021_00-0031045",33.3333333333333,32.9457364341085,53.3742331288344,52.1739130434783
"127","2021_00-0031051",7.69230769230769,7.84313725490196,10.4477611940298,0
"128","2021_00-0031062",19.5402298850575,31.3432835820896,54.3478260869565,0
"129","2021_00-0031067",92.1985815602837,90.2912621359223,92.3076923076923,100
"130","2021_00-0031095",99.5983935742972,99.4318181818182,99.1525423728814,100
"131","2021_00-0031122",99.3303571428571,99.406528189911,99.5327102803738,100
"132","2021_00-0031142",99.5689655172414,99.4350282485876,99.5348837209302,100
"133","2021_00-0031235",73.0932203389831,76.8392370572207,85.4077253218884,80
"134","2021_00-0031236",80.6366047745358,82.7814569536424,95.0226244343891,94.7368421052632
"135","2021_00-0031237",94.7643979057592,93.2624113475177,93.3333333333333,100
"136","2021_00-0031260",72.7272727272727,72.5190839694656,84.4155844155844,75
"137","2021_00-0031273",38.2178217821782,41.2345679012346,45.3389830508475,72.2222222222222
"138","2021_00-0031279",97.887323943662,98.4756097560976,97.6635514018692,95.6521739130435
"139","2021_00-0031280",99.236641221374,98.3490566037736,99.1902834008097,90
"140","2021_00-0031282",100,100,100,100
"141","2021_00-0031285",46.4761904761905,47.6683937823834,42.5339366515837,30
"142","2021_00-0031319",6.17647058823529,7.69230769230769,7.69230769230769,0
"143","2021_00-0031325",46.0240963855422,50.6410256410256,55.1136363636364,25
"144","2021_00-0031330",93.5779816513761,92.8358208955224,92.1951219512195,89.6551724137931
"145","2021_00-0031345",96.0474308300395,96.7032967032967,93.9252336448598,70
"146","2021_00-0031349",90.6474820143885,90.7407407407407,91.5384615384615,92.3076923076923
"147","2021_00-0031353",99.4750656167979,99.2857142857143,99.4318181818182,100
"148","2021_00-0031362",92.6294820717131,92.5925925925926,92.5373134328358,93.3333333333333
"149","2021_00-0031367",99.0498812351544,98.7460815047022,98.974358974359,100
"150","2021_00-0031369",91.1764705882353,90.7514450867052,91.5094339622642,85.7142857142857
"151","2021_00-0031376",25.250501002004,29.1553133514986,48.2758620689655,23.0769230769231
"152","2021_00-0031381",83.2635983263598,85.5907780979827,91.8269230769231,80
"153","2021_00-0031382",65.1785714285714,68.5950413223141,80.1282051282051,89.4736842105263
"154","2021_00-0031384",31.6666666666667,30.6818181818182,12.280701754386,33.3333333333333
"155","2021_00-0031387",36.4406779661017,51.0416666666667,51.2,30
"156","2021_00-0031395",100,100,100,100
"157","2021_00-0031402",96.4679911699779,95.9885386819484,94.3231441048035,100
"158","2021_00-0031408",86.652977412731,84.8563968668407,90.990990990991,88.8888888888889
"159","2021_00-0031410",100,100,100,100
"160","2021_00-0031426",100,100,100,100
"161","2021_00-0031428",75.7462686567164,78.2407407407407,94.0740740740741,81.25
"162","2021_00-0031433",94.025974025974,95.0530035335689,97.1428571428571,100
"163","2021_00-0031442",92.0765027322404,91.98606271777,92.7374301675978,90.9090909090909
"164","2021_00-0031484",47.3214285714286,36.2017804154303,12.1495327102804,28.5714285714286
"165","2021_00-0031503",83.1932773109244,78.8461538461538,84.9315068493151,87.5
"166","2021_00-0031534",83.4983498349835,84.7107438016529,84.4827586206897,100
"167","2021_00-0031544",76.9230769230769,79.1540785498489,82.4074074074074,96
"168","2021_00-0031545",11.0294117647059,11.2068965517241,16.8831168831169,20
"169","2021_00-0031547",77.9116465863454,76.4705882352941,87.9432624113475,76.4705882352941
"170","2021_00-0031549",79.0973871733967,76.6561514195584,77.5,71.4285714285714
"171","2021_00-0031558",71.523178807947,71.7741935483871,38.3333333333333,66.6666666666667
"172","2021_00-0031567",98.292220113852,97.6683937823834,98.2532751091703,100
"173","2021_00-0031575",3.44827586206897,4.34782608695652,0,0
"174","2021_00-0031580",97.8365384615385,97.4683544303797,98.019801980198,100
"175","2021_00-0031581",82.1350762527233,80.5309734513274,78.0487804878049,80
"176","2021_00-0031585",51.9362186788155,47.4926253687316,21.5596330275229,30.4347826086957
"177","2021_00-0031588",84.0607210626186,83.6787564766839,87.7729257641921,86.9565217391304
"178","2021_00-0031595",8.91410048622366,3.55555555555556,5.859375,45.4545454545455
"179","2021_00-0031598",28.6624203821656,26.1904761904762,17.5675675675676,50
"180","2021_00-0031610",79.1208791208791,81.3148788927336,89.2045454545455,88.2352941176471
"181","2021_00-0031622",49.4117647058824,49.2537313432836,50,33.3333333333333
"182","2021_00-0031632",20.5128205128205,17.2413793103448,20,0
"183","2021_00-0031687",10.3448275862069,5.55555555555556,0,0
"184","2021_00-0031690",32.8519855595668,21.2713936430318,10.7758620689655,40
"185","2021_00-0031734",63.0985915492958,64.7727272727273,68.75,73.3333333333333
"186","2021_00-0031744",9.67741935483871,27.2727272727273,0,0
"187","2021_00-0031763",43.3734939759036,48.8636363636364,42.3728813559322,54.8387096774194
"188","2021_00-0031779",37.3737373737374,37.3493975903614,34,0
"189","2021_00-0031787",10,9.97150997150997,4.80769230769231,0
"190","2021_00-0031800",95.7894736842105,94.6268656716418,94.170403587444,93.3333333333333
"191","2021_00-0031806",26.2626262626263,20,42.5742574257426,40
"192","2021_00-0031852",98.5106382978723,98.314606741573,99.0950226244344,100
"193","2021_00-0031868",57.0405727923628,60.6153846153846,62.3188405797101,59.375
"194","2021_00-0031893",91.9739696312364,91.4893617021277,90.2040816326531,87.5
"195","2021_00-0031921",23.3128834355828,22.7272727272727,18.75,14.2857142857143
"196","2021_00-0031923",74.7747747747748,72.289156626506,72.7272727272727,100
"197","2021_00-0031934",2.94117647058824,7.69230769230769,30.7692307692308,100
"198","2021_00-0031936",98.1024667931689,97.6683937823834,98.6899563318777,95.6521739130435
"199","2021_00-0031941",63.1921824104234,67.0886075949367,83.9160839160839,68.4210526315789
"200","2021_00-0031951",61.9047619047619,60.6299212598425,61.1764705882353,70
"201","2021_00-0031958",97.8142076502732,98.0769230769231,96.8085106382979,100
"202","2021_00-0032009",48.5943775100402,57.6704545454545,84.7457627118644,74.1935483870968
"203","2021_00-0032043",95.7230142566191,95.7894736842105,96.1038961038961,85
"204","2021_00-0032053",95.6386292834891,96.1038961038961,96.7741935483871,100
"205","2021_00-0032054",38.6934673366834,38.6503067484663,45.7446808510638,37.5
"206","2021_00-0032058",26.0536398467433,32.0388349514563,12.5984251968504,25
"207","2021_00-0032062",39.7394136807818,20.5298013245033,12.4,61.5384615384615
"208","2021_00-0032063",51.4084507042254,55.8282208588957,69.6261682242991,52.1739130434783
"209","2021_00-0032071",81.9277108433735,83.2432432432432,86.6666666666667,100
"210","2021_00-0032098",7.53138075313808,4.86486486486486,6.48148148148148,14.2857142857143
"211","2021_00-0032104",25,30.1282051282051,35.9605911330049,50
"212","2021_00-0032128",64.3044619422572,65.6957928802589,56.5022421524664,44.4444444444444
"213","2021_00-0032132",86.6666666666667,86.984126984127,86.4583333333333,86.9565217391304
"214","2021_00-0032134",68.4317718940937,71.8421052631579,81.3852813852814,80
"215","2021_00-0032135",34.4213649851632,26.9961977186312,17.8571428571429,25
"216","2021_00-0032141",80.7522123893805,72.0338983050847,19.1111111111111,31.5789473684211
"217","2021_00-0032144",52.0383693045564,52.1035598705502,51,57.1428571428571
"218","2021_00-0032145",91.3725490196078,92.1875,93.75,91.6666666666667
"219","2021_00-0032147",49.5575221238938,46.4285714285714,45.0980392156863,66.6666666666667
"220","2021_00-0032149",95.2029520295203,95.2153110047847,93.8931297709924,81.25
"221","2021_00-0032151",100,100,100,100
"222","2021_00-0032156",84.8,83.3333333333333,91.025641025641,75
"223","2021_00-0032160",38.4615384615385,44.8275862068966,56.25,25
"224","2021_00-0032187",33.8926174496644,37.7049180327869,60.2272727272727,61.5384615384615
"225","2021_00-0032200",37.6106194690265,43.0693069306931,46.9798657718121,46.6666666666667
"226","2021_00-0032203",74.1935483870968,79.2682926829268,77.5862068965517,100
"227","2021_00-0032208",20.125786163522,22.4,33.3333333333333,25
"228","2021_00-0032211",86.9668246445498,85.9375,89.1191709844559,83.3333333333333
"229","2021_00-0032214",59.7345132743363,63.4285714285714,66.9811320754717,69.2307692307692
"230","2021_00-0032217",97.2277227722772,97.2839506172839,96.6101694915254,94.4444444444444
"231","2021_00-0032222",98.5010706638116,98.6737400530504,98.6425339366516,92.5925925925926
"232","2021_00-0032233",87.5,80.9523809523809,84.6153846153846,0
"233","2021_00-0032234",100,100,100,96.2962962962963
"234","2021_00-0032242",99.4152046783626,98.9717223650386,98.7124463519313,100
"235","2021_00-0032243",92.7966101694915,92.9503916449086,92.9515418502203,94.4444444444444
"236","2021_00-0032245",95.2380952380952,93.75,92.3076923076923,100
"237","2021_00-0032255",78.2608695652174,79.0697674418605,75.4716981132076,60
"238","2021_00-0032257",47.3684210526316,39.7849462365591,26.5625,60
"239","2021_00-0032259",100,99.7023809523809,99.5475113122172,96.6666666666667
"240","2021_00-0032268",1.57068062827225,3.97350993377483,1.05263157894737,16.6666666666667
"241","2021_00-0032319",10.1851851851852,10.1123595505618,16.6666666666667,33.3333333333333
"242","2021_00-0032355",30.5010893246187,43.2203389830509,68,70.8333333333333
"243","2021_00-0032380",87.5,87.1287128712871,86.3013698630137,66.6666666666667
"244","2021_00-0032381",91.9540229885057,93.6170212765958,93.0693069306931,92.8571428571429
"245","2021_00-0032383",99.25,98.993288590604,97.8260869565217,95.4545454545455
"246","2021_00-0032384",93.3701657458564,93.75,94.5652173913043,100
"247","2021_00-0032385",69.7142857142857,75.3846153846154,76.3440860215054,75
"248","2021_00-0032391",99.2319508448541,99.3697478991597,99.250936329588,100
"249","2021_00-0032392",72.1739130434783,67.1641791044776,58.5253456221198,57.5757575757576
"250","2021_00-0032394",61.864406779661,50,36.3636363636364,87.5
"251","2021_00-0032395",85.3658536585366,83.6734693877551,82.8282828282828,100
"252","2021_00-0032398",38.5826771653543,44.3349753694581,33.3333333333333,30.7692307692308
"253","2021_00-0032419",47.3498233215548,47.136563876652,46.4516129032258,60
"254","2021_00-0032420",95.4022988505747,96.9230769230769,95.1219512195122,57.1428571428571
"255","2021_00-0032426",46.8085106382979,48.5849056603774,18.4615384615385,28.5714285714286
"256","2021_00-0032432",62.3655913978495,61.8556701030928,60.1626016260163,65.2173913043478
"257","2021_00-0032433",0,8.33333333333333,9.09090909090909,25
"258","2021_00-0032434",18.3544303797468,20.9302325581395,29.8701298701299,22.2222222222222
"259","2021_00-0032445",91.9060052219321,92.0415224913495,92,100
"260","2021_00-0032450",11.3207547169811,10,2.7027027027027,0
"261","2021_00-0032455",5.37634408602151,4.28571428571429,4.25531914893617,0
"262","2021_00-0032464",73.0769230769231,74.5874587458746,79,68.5714285714286
"263","2021_00-0032466",89.9521531100478,90.2208201892744,92.6701570680628,100
"264","2021_00-0032520",80.6629834254144,86.5671641791045,89.4117647058824,100
"265","2021_00-0032528",43.956043956044,45.0704225352113,48.5714285714286,33.3333333333333
"266","2021_00-0032543",7.6555023923445,4.71698113207547,5.94059405940594,3.7037037037037
"267","2021_00-0032575",81.2101910828026,83.4042553191489,82.2857142857143,65.2173913043478
"268","2021_00-0032602",32.1321321321321,41.7721518987342,83.1081081081081,60
"269","2021_00-0032626",29.4117647058824,30,18.75,0
"270","2021_00-0032688",78.781512605042,86.5013774104683,90.4347826086957,76.6666666666667
"271","2021_00-0032701",3.17460317460317,4.34782608695652,7.40740740740741,0
"272","2021_00-0032725",34.1463414634146,29.973474801061,13.3620689655172,18.9189189189189
"273","2021_00-0032741",23.7903225806452,21.2871287128713,11.5044247787611,14.2857142857143
"274","2021_00-0032764",85.7651245551601,77.6190476190476,19.53125,53.8461538461538
"275","2021_00-0032766",42.5287356321839,41.9354838709677,42.5,20
"276","2021_00-0032768",100,100,100,100
"277","2021_00-0032775",53.6098310291859,62.8151260504202,68.5393258426966,57.1428571428571
"278","2021_00-0032778",48.8188976377953,56.5068493150685,63.6363636363636,38.0952380952381
"279","2021_00-0032779",100,91.6666666666667,90.9090909090909,75
"280","2021_00-0032780",31.7391304347826,32.9479768786127,28.8288288288288,60
"281","2021_00-0032782",6.15384615384615,10.5263157894737,40,100
"282","2021_00-0032784",10.3448275862069,15,9.09090909090909,0
"283","2021_00-0032785",96.1643835616438,96.140350877193,94.7368421052632,94.2857142857143
"284","2021_00-0032787",100,100,100,0
"285","2021_00-0032791",18.2634730538922,16.6023166023166,18.8571428571429,22.2222222222222
"286","2021_00-0032813",12.4688279301746,11,11.7117117117117,16
"287","2021_00-0032877",10,5.26315789473684,7.14285714285714,0
"288","2021_00-0032881",3.84615384615385,4.54545454545455,5.88235294117647,0
"289","2021_00-0032897",10.1545253863135,6.8870523415978,1.23456790123457,6.89655172413793
"290","2021_00-0032918",44.2553191489362,29.1666666666667,8.51063829787234,21.0526315789474
"291","2021_00-0032950",97.9466119096509,98.0716253443526,97.737556561086,96.1538461538462
"292","2021_00-0032951",63.6986301369863,64.3835616438356,55.3333333333333,81.25
"293","2021_00-0032954",89.5348837209302,93.3333333333333,89.7435897435898,60
"294","2021_00-0032956",14.4,8.85608856088561,6.11111111111111,3.84615384615385
"295","2021_00-0032965",100,100,100,0
"296","2021_00-0032972",49.1891891891892,50.5376344086022,57.2815533980583,55.5555555555556
"297","2021_00-0032975",9.77443609022556,17.2043010752688,30.1369863013699,50
"298","2021_00-0032977",46.0280373831776,51.9108280254777,66.9902912621359,62.5
"299","2021_00-0032980",45.7286432160804,46.7105263157895,44,18.1818181818182
"300","2021_00-0032986",8.75706214689266,8.85608856088561,2.38095238095238,13.3333333333333
"301","2021_00-0033006",5.76923076923077,6.01503759398496,8.33333333333333,0
"302","2021_00-0033009",78.0040733197556,84.7368421052632,94.8051948051948,95
"303","2021_00-0033011",98.7373737373737,99.0196078431373,98.3516483516484,100
"304","2021_00-0033025",6.2111801242236,7.27969348659004,66.6666666666667,21.4285714285714
"305","2021_00-0033040",76.1904761904762,71.4285714285714,82.7715355805243,78.5714285714286
"306","2021_00-0033045",66.734693877551,67.0212765957447,60.8,80
"307","2021_00-0033057",78.4688995215311,75.974025974026,76.9230769230769,75
"308","2021_00-0033065",69.0909090909091,71.1111111111111,68.75,50
"309","2021_00-0033077",96.3203463203463,96.2962962962963,94.468085106383,100
"310","2021_00-0033082",99.7607655502392,100,100,100
"311","2021_00-0033090",63.1914893617021,72.1910112359551,89.1402714932127,83.3333333333333
"312","2021_00-0033094",21.4285714285714,8.10810810810811,10.5263157894737,100
"313","2021_00-0033095",34.2741935483871,26.8518518518519,10.2040816326531,8.33333333333333
"314","2021_00-0033106",99.4301994301994,99.2537313432836,98.8505747126437,93.9393939393939
"315","2021_00-0033110",88.6939571150098,86.6323907455013,87.5536480686695,88.8888888888889
"316","2021_00-0033111",34.0425531914894,39.1666666666667,33.3333333333333,42.8571428571429
"317","2021_00-0033112",32,10.5263157894737,14.2857142857143,0
"318","2021_00-0033114",18.1818181818182,19.0114068441065,19.0184049079755,8.33333333333333
"319","2021_00-0033118",33.048433048433,37.0503597122302,35.6687898089172,42.8571428571429
"320","2021_00-0033119",53.763440860215,58.7962962962963,57.8947368421053,55
"321","2021_00-0033127",42.5925925925926,48.8372093023256,54.8387096774194,57.1428571428571
"322","2021_00-0033161",12.5,11.1111111111111,16.6666666666667,0
"323","2021_00-0033215",35.2,38.8888888888889,44.4444444444444,0
"324","2021_00-0033217",58.9322381930185,54.8209366391185,42.9864253393665,50
"325","2021_00-0033221",99.646017699115,99.5049504950495,99.581589958159,96.2962962962963
"326","2021_00-0033246",32.2222222222222,24.4094488188976,12.6760563380282,40
"327","2021_00-0033251",85.1851851851852,85.5457227138643,88.2926829268293,56
"328","2021_00-0033258",33.2574031890661,25.3561253561254,9.25925925925926,23.0769230769231
"329","2021_00-0033266",2.89855072463768,5.76923076923077,12.8205128205128,0
"330","2021_00-0033275",38.6206896551724,36.9369369369369,33.7837837837838,66.6666666666667
"331","2021_00-0033280",60.6796116504854,56.8627450980392,62.2222222222222,55.5555555555556
"332","2021_00-0033282",26.219512195122,28.448275862069,11.2676056338028,20
"333","2021_00-0033284",99.3697478991597,100,99.5652173913043,100
"334","2021_00-0033288",91.6492693110647,93.4472934472934,94.6078431372549,85.7142857142857
"335","2021_00-0033290",90.7692307692308,91.2621359223301,90.4761904761905,83.3333333333333
"336","2021_00-0033292",17.8571428571429,27.5,46.1538461538462,33.3333333333333
"337","2021_00-0033293",58.3148558758315,56.797583081571,63.9593908629442,71.4285714285714
"338","2021_00-0033296",13.8121546961326,12.3376623376623,0.961538461538462,0
"339","2021_00-0033300",32.8358208955224,40,41.025641025641,66.6666666666667
"340","2021_00-0033307",47.4468085106383,53.6516853932584,84.6153846153846,83.3333333333333
"341","2021_00-0033308",15.7635467980296,16.7785234899329,17.0212765957447,0
"342","2021_00-0033319",100,100,100,100
"343","2021_00-0033338",10.4,7.7319587628866,7.63358778625954,7.69230769230769
"344","2021_00-0033357",44.311377245509,49.6732026143791,37.962962962963,28.5714285714286
"345","2021_00-0033367",19.0217391304348,17.96875,24.4444444444444,9.09090909090909
"346","2021_00-0033375",80.8510638297872,82.8571428571429,84.7290640394089,95.6521739130435
"347","2021_00-0033376",68.6046511627907,57.3667711598746,23.6263736263736,57.8947368421053
"348","2021_00-0033386",64.4067796610169,73.9130434782609,62.962962962963,66.6666666666667
"349","2021_00-0033387",36.0215053763441,39.5348837209302,41.025641025641,41.6666666666667
"350","2021_00-0033414",2.94117647058824,3.2258064516129,0,0
"351","2021_00-0033421",42.5974025974026,31.629392971246,10.5990783410138,22.2222222222222
"352","2021_00-0033439",76.2039660056657,70.1754385964912,31.8627450980392,27.7777777777778
"353","2021_00-0033446",20.8333333333333,20.3125,17.8571428571429,25
"354","2021_00-0033455",27.4698795180723,27.82874617737,80.5687203791469,72.7272727272727
"355","2021_00-0033460",38.8059701492537,33.1632653061224,34.0579710144928,14.2857142857143
"356","2021_00-0033466",25.8403361344538,25.7971014492754,21.3930348258706,23.8095238095238
"357","2021_00-0033471",15.014164305949,15.3846153846154,12.1546961325967,41.6666666666667
"358","2021_00-0033481",5.11945392491468,7.69230769230769,5.37190082644628,28.5714285714286
"359","2021_00-0033490",3.17460317460317,2.17391304347826,4.16666666666667,0
"360","2021_00-0033505",0,0,6.25,0
"361","2021_00-0033511",61.8243243243243,61.6666666666667,64.7482014388489,93.75
"362","2021_00-0033526",14.3776824034335,19.1549295774648,68.6915887850467,47.3684210526316
"363","2021_00-0033528",12.6491646778043,8.20668693009119,7.30593607305936,4.76190476190476
"364","2021_00-0033529",92.3728813559322,92.7710843373494,92,81.25
"365","2021_00-0033536",79.5652173913043,77.7158774373259,83.3333333333333,78.3783783783784
"366","2021_00-0033538",98.6225895316804,98.0988593155894,98.2758620689655,96
"367","2021_00-0033550",6.66666666666667,13.3333333333333,0,0
"368","2021_00-0033553",58.3143507972665,57.7464788732394,53.1400966183575,65.2173913043478
"369","2021_00-0033555",24.3478260869565,25.3333333333333,48.7704918032787,34.7826086956522
"370","2021_00-0033560",80.5555555555556,81.0344827586207,79.1666666666667,100
"371","2021_00-0033572",33.9100346020761,42.0560747663551,51.5151515151515,52.6315789473684
"372","2021_00-0033576",34.2222222222222,29.7872340425532,14.018691588785,18.5185185185185
"373","2021_00-0033589",16.9811320754717,21.0526315789474,27.5862068965517,0
"374","2021_00-0033591",31.4356435643564,33.2225913621262,39.6907216494845,14.2857142857143
"375","2021_00-0033592",78.2442748091603,78.2828282828283,73.7704918032787,66.6666666666667
"376","2021_00-0033594",66,59.7402597402597,32.5581395348837,50
"377","2021_00-0033611",63.5388739946381,56.3218390804598,55.0561797752809,70.8333333333333
"378","2021_00-0033631",0,4,5.88235294117647,0
"379","2021_00-0033658",51.4705882352941,43.7810945273632,34.4,41.6666666666667
"380","2021_00-0033662",31.1594202898551,33.6283185840708,39.7058823529412,0
"381","2021_00-0033676",25.974025974026,26.1538461538462,27.027027027027,40
"382","2021_00-0033681",56.4432989690722,53.2423208191126,58.2417582417582,70.8333333333333
"383","2021_00-0033699",65.8695652173913,63.7883008356546,60.8108108108108,75.6756756756757
"384","2021_00-0033720",19.7278911564626,15.0442477876106,7.85714285714286,18.75
"385","2021_00-0033725",11.8918918918919,13.8157894736842,21.4285714285714,14.2857142857143
"386","2021_00-0033733",19.5564516129032,19.8347107438017,31.1688311688312,37.9310344827586
"387","2021_00-0033752",95.6989247311828,94.9008498583569,94.4700460829493,100
"388","2021_00-0033757",53.1400966183575,55.1020408163265,82.6086956521739,63.6363636363636
"389","2021_00-0033785",0,0,7.69230769230769,0
"390","2021_00-0033788",30.6122448979592,26.4705882352941,26.9230769230769,14.2857142857143
"391","2021_00-0033793",12.5874125874126,11.0091743119266,11.7647058823529,20
"392","2021_00-0033831",97.9166666666667,98.0392156862745,97.3684210526316,85.7142857142857
"393","2021_00-0033839",13.2387706855792,21.0031347962382,41.6666666666667,37.5
"394","2021_00-0033854",22.6114649681529,22.8215767634855,30.4054054054054,35
"395","2021_00-0033856",72.5490196078431,71.5654952076677,44.5652173913043,46.6666666666667
"396","2021_00-0033857",72.5609756097561,67.1641791044776,72.8260869565217,75
"397","2021_00-0033858",60.8200455580866,49.7005988023952,18.957345971564,22.2222222222222
"398","2021_00-0033869",9.2436974789916,9.09090909090909,5.76923076923077,25
"399","2021_00-0033871",77.8242677824268,77.0053475935829,86.2068965517241,64.7058823529412
"400","2021_00-0033873",98.0030721966206,97.6890756302521,97.752808988764,92.8571428571429
"401","2021_00-0033879",36.4356435643564,29.3827160493827,18.2203389830508,22.2222222222222
"402","2021_00-0033881",68.2080924855491,78.90625,84.8958333333333,78.2608695652174
"403","2021_00-0033885",66.5948275862069,64.0117994100295,59.6330275229358,70.5882352941177
"404","2021_00-0033888",99.4350282485876,99.3421052631579,99.0825688073395,100
"405","2021_00-0033889",97.8436657681941,98.1884057971015,98.8571428571429,100
"406","2021_00-0033891",60.1145038167939,58.7264150943396,56.2753036437247,55
"407","2021_00-0033893",73.469387755102,72.9323308270677,59.4444444444444,58.8235294117647
"408","2021_00-0033895",72.3076923076923,67.687074829932,90.2702702702703,91.6666666666667
"409","2021_00-0033896",48.3870967741936,51.7857142857143,31.6939890710383,27.7777777777778
"410","2021_00-0033897",83.2993890020367,75.2631578947368,23.8095238095238,50
"411","2021_00-0033901",93.6395759717314,92.6267281105991,94.3262411347518,100
"412","2021_00-0033904",97.3231357552581,96.1038961038961,98.6784140969163,95.6521739130435
"413","2021_00-0033906",75.2380952380952,80.1075268817204,83.4586466165414,69.2307692307692
"414","2021_00-0033908",94.6808510638298,96.2352941176471,96.9348659003831,100
"415","2021_00-0033909",87.4458874458875,88.5057471264368,87.2727272727273,93.75
"416","2021_00-0033910",100,100,100,100
"417","2021_00-0033921",88.9473684210526,92.0962199312715,91.7647058823529,90.9090909090909
"418","2021_00-0033923",39.8230088495575,34.1317365269461,67.3076923076923,66.6666666666667
"419","2021_00-0033925",42.9184549356223,38.1720430107527,9.16666666666667,25
"420","2021_00-0033932",70.4180064308682,75.9493670886076,82.3863636363636,76.1904761904762
"421","2021_00-0033936",5.88235294117647,8.10810810810811,3.84615384615385,0
"422","2021_00-0033943",54.7169811320755,60.082304526749,63.9240506329114,70
"423","2021_00-0033946",33.6842105263158,31.8181818181818,25.5813953488372,36.3636363636364
"424","2021_00-0033948",41.4285714285714,32.1033210332103,27.0440251572327,32
"425","2021_00-0033950",14.792899408284,12.0300751879699,7.31707317073171,16.6666666666667
"426","2021_00-0033951",13.7142857142857,15.3846153846154,13.2530120481928,14.2857142857143
"427","2021_00-0033955",15.0537634408602,19.3220338983051,71.3541666666667,46.6666666666667
"428","2021_00-0033957",15.625,18.1818181818182,11.7647058823529,0
"429","2021_00-0033958",3.84615384615385,4.34782608695652,5.88235294117647,33.3333333333333
"430","2021_00-0033960",5.88235294117647,5.55555555555556,6.81818181818182,25
"431","2021_00-0033995",100,100,100,100
"432","2021_00-0034011",39.0243902439024,49.7942386831276,72.7891156462585,66.6666666666667
"433","2021_00-0034052",37.0165745856354,31.3653136531365,29.940119760479,77.2727272727273
"434","2021_00-0034058",9.09090909090909,12.5,13.3333333333333,0
"435","2021_00-0034073",19.1752577319588,16.6666666666667,20.7920792079208,26.0869565217391
"436","2021_00-0034104",28.8220551378446,31.9444444444444,35.5329949238579,37.5
"437","2021_00-0034109",23.013698630137,21.1409395973154,5.21327014218009,0
"438","2021_00-0034112",40.8163265306122,42.5,46.4285714285714,100
"439","2021_00-0034114",71.2962962962963,77.1084337349398,83.6734693877551,50
"440","2021_00-0034115",33.695652173913,37.7450980392157,10.5691056910569,14.2857142857143
"441","2021_00-0034131",3.03030303030303,4.76190476190476,0,0
"442","2021_00-0034132",14.6788990825688,12.6482213438735,11.5853658536585,21.0526315789474
"443","2021_00-0034142",56.4,58.5858585858586,58.1560283687943,64.7058823529412
"444","2021_00-0034158",100,100,100,100
"445","2021_00-0034159",68.7657430730479,66.5551839464883,23.3695652173913,30
"446","2021_00-0034164",3.2258064516129,10,5,0
"447","2021_00-0034165",27.3584905660377,26.6666666666667,31.1111111111111,44.4444444444444
"448","2021_00-0034171",18.2634730538922,12.6436781609195,4.6242774566474,6.45161290322581
"449","2021_00-0034177",70.7317073170732,74.2424242424242,75.5555555555556,60
"450","2021_00-0034193",11.9047619047619,5.95238095238095,6.03448275862069,12.5
"451","2021_00-0034208",6.4,8.75,12.5,23.0769230769231
"452","2021_00-0034253",35.4497354497354,42.7586206896552,49.4505494505495,60
"453","2021_00-0034261",99.468085106383,99.0588235294118,98.8505747126437,100
"454","2021_00-0034270",79.3617021276596,84.7222222222222,92.7659574468085,100
"455","2021_00-0034272",58.6309523809524,59.2592592592593,75,50
"456","2021_00-0034279",35.4430379746835,35.9154929577465,30.9941520467836,44.4444444444444
"457","2021_00-0034281",96,96.3446475195823,96.2962962962963,96.2962962962963
"458","2021_00-0034297",45.468509984639,58.4033613445378,55.0561797752809,28.5714285714286
"459","2021_00-0034301",42.0454545454545,39.4678492239468,51.7786561264822,84.6153846153846
"460","2021_00-0034311",5.45454545454545,2.4390243902439,13.7254901960784,9.09090909090909
"461","2021_00-0034317",38.3720930232558,32.3943661971831,33.3333333333333,20
"462","2021_00-0034319",8.92857142857143,14.2857142857143,12.5,0
"463","2021_00-0034331",16,8.92857142857143,0,0
"464","2021_00-0034342",89.3333333333333,89.9641577060932,90.4191616766467,86.9565217391304
"465","2021_00-0034343",9.82142857142857,8.43373493975904,11.1111111111111,18.1818181818182
"466","2021_00-0034345",79.6747967479675,79.1208791208791,72,75
"467","2021_00-0034346",96.2686567164179,96.3333333333333,93.7219730941704,77.7777777777778
"468","2021_00-0034347",100,100,100,100
"469","2021_00-0034348",82.4833702882483,83.987915407855,91.1627906976744,85.1851851851852
"470","2021_00-0034351",80.4210526315789,75,82.8703703703704,85.1851851851852
"471","2021_00-0034352",87.2685185185185,86.1027190332326,83.9449541284404,95.8333333333333
"472","2021_00-0034353",52.9411764705882,57.1428571428571,73.5294117647059,100
"473","2021_00-0034364",35.6687898089172,38.4313725490196,47.5138121546961,71.4285714285714
"474","2021_00-0034365",65.3361344537815,60.3305785123967,54.7826086956522,66.6666666666667
"475","2021_00-0034366",22.2222222222222,24.4444444444444,35.4838709677419,50
"476","2021_00-0034367",29.7741273100616,32.2314049586777,33.9366515837104,34.6153846153846
"477","2021_00-0034378",5,10,16.6666666666667,0
"478","2021_00-0034380",54.1666666666667,46.4285714285714,41.1764705882353,62.5
"479","2021_00-0034383",86.734693877551,84.3085106382979,78,80
"480","2021_00-0034392",86.4406779661017,90.4761904761905,88,100
"481","2021_00-0034395",3.03030303030303,2.32558139534884,8.33333333333333,0
"482","2021_00-0034399",100,100,100,100
"483","2021_00-0034400",0,0,6.25,0
"484","2021_00-0034401",70,69,65.4545454545455,85.7142857142857
"485","2021_00-0034407",42.5576519916143,47.2584856396867,50.5882352941176,50
"486","2021_00-0034411",67.2566371681416,74.9019607843137,84.3373493975904,57.1428571428571
"487","2021_00-0034414",32.1766561514196,31.3559322033898,30.9210526315789,29.4117647058824
"488","2021_00-0034417",55.4896142433234,54.5816733067729,59.2105263157895,50
"489","2021_00-0034418",47.0588235294118,56.25,66.3829787234042,81.8181818181818
"490","2021_00-0034419",30.622009569378,38.801261829653,49.738219895288,55.5555555555556
"491","2021_00-0034424",0,4.34782608695652,0,0
"492","2021_00-0034429",100,100,100,100
"493","2021_00-0034433",15.3409090909091,15.3846153846154,1.17647058823529,13.3333333333333
"494","2021_00-0034436",36.734693877551,44.4444444444444,43.2432432432432,0
"495","2021_00-0034438",2.60869565217391,2.1505376344086,1.5625,0
"496","2021_00-0034439",33.3333333333333,17.9487179487179,0,100
"497","2021_00-0034440",25.4641909814324,23.9057239057239,32.4022346368715,10.7142857142857
"498","2021_00-0034445",57.1428571428571,52.2727272727273,48.3870967741936,100
"499","2021_00-0034449",6.06060606060606,13.0434782608696,18.1818181818182,0
"500","2021_00-0034487",26.063829787234,22.029702970297,20.5882352941176,30.7692307692308
"501","2021_00-0034495",89.5973154362416,90.1709401709402,91.1949685534591,82.6086956521739
"502","2021_00-0034505",73.3137829912023,73.469387755102,72.7891156462585,60
"503","2021_00-0034521",69.6428571428571,73.2522796352584,80,85
"504","2021_00-0034522",20.4819277108434,31.7460317460317,25.6410256410256,0
"505","2021_00-0034532",8.57142857142857,15.3846153846154,11.1111111111111,0
"506","2021_00-0034571",61.7021276595745,62.7777777777778,65.2173913043478,56.25
"507","2021_00-0034575",7.69230769230769,2.77777777777778,5.17241379310345,0
"508","2021_00-0034577",25,31.7073170731707,29.0322580645161,50
"509","2021_00-0034578",25,18.1818181818182,11.1111111111111,33.3333333333333
"510","2021_00-0034597",9.25925925925926,4.70588235294118,3.7037037037037,0
"511","2021_00-0034613",0,0,8.33333333333333,0
"512","2021_00-0034614",18.3006535947712,20.6349206349206,23.9583333333333,40
"513","2021_00-0034628",0,5.26315789473684,8.33333333333333,0
"514","2021_00-0034631",21.7391304347826,13.6363636363636,13.3333333333333,50
"515","2021_00-0034646",3.38983050847458,2.38095238095238,0,0
"516","2021_00-0034652",28.5714285714286,28.9473684210526,19.1489361702128,33.3333333333333
"517","2021_00-0034668",23.6842105263158,26.0869565217391,30.3571428571429,33.3333333333333
"518","2021_00-0034669",18.1818181818182,20,5.88235294117647,0
"519","2021_00-0034672",26.3157894736842,12.1212121212121,4.16666666666667,60
"520","2021_00-0034676",45.0226244343891,46.1756373937677,50.210970464135,39.2857142857143
"521","2021_00-0034678",100,100,100,100
"522","2021_00-0034681",57.3407202216066,56.140350877193,67.7018633540373,44.4444444444444
"523","2021_00-0034686",25.748502994012,18.9393939393939,23.8636363636364,11.1111111111111
"524","2021_00-0034687",29.6703296703297,35.2112676056338,36.3636363636364,28.5714285714286
"525","2021_00-0034729",42.5149700598802,44.2622950819672,50.7042253521127,40
"526","2021_00-0034735",11.3207547169811,11.3207547169811,12.5,0
"527","2021_00-0034747",2.94117647058824,0,0,0
"528","2021_00-0034750",52.0912547528517,50.4950495049505,14.4,0
"529","2021_00-0034752",99.5184590690209,99.5614035087719,99.6078431372549,100
"530","2021_00-0034753",70.2166064981949,75.3056234718826,90.0862068965517,80
"531","2021_00-0034759",100,100,100,100
"532","2021_00-0034762",100,100,100,91.304347826087
"533","2021_00-0034763",96.7058823529412,96.5014577259475,95.9798994974874,93.3333333333333
"534","2021_00-0034764",73.2758620689655,77.4725274725275,76.5151515151515,66.6666666666667
"535","2021_00-0034765",70.8920187793427,78.1420765027322,85.9375,50
"536","2021_00-0034766",21.3186813186813,19.0340909090909,7.11111111111111,0
"537","2021_00-0034768",96.0084033613445,96.1038961038961,95.3125,92.5925925925926
"538","2021_00-0034771",63.768115942029,61.1111111111111,60.6060606060606,20
"539","2021_00-0034775",70.1402805611223,76.3092269326683,88.3817427385892,82.1428571428571
"540","2021_00-0034777",69.5652173913043,67.4418604651163,66.0377358490566,20
"541","2021_00-0034785",100,100,100,100
"542","2021_00-0034791",64,63.481228668942,13.6125654450262,28
"543","2021_00-0034796",91.2060301507538,91.3494809688581,92.5,72.2222222222222
"544","2021_00-0034798",69.41431670282,62.2340425531915,40.8163265306122,41.6666666666667
"545","2021_00-0034799",11.1842105263158,11.2970711297071,15.5844155844156,5.88235294117647
"546","2021_00-0034803",54.726368159204,55.0335570469799,51.1111111111111,66.6666666666667
"547","2021_00-0034804",91.6820702402957,89.9509803921569,89.5161290322581,94.7368421052632
"548","2021_00-0034808",9.375,4.16666666666667,0,0
"549","2021_00-0034816",19.5754716981132,20.9439528023599,4.54545454545455,8.33333333333333
"550","2021_00-0034817",73.0769230769231,73.2758620689655,73.9644970414201,80
"551","2021_00-0034827",82.3529411764706,87.0523415977961,90.8695652173913,83.3333333333333
"552","2021_00-0034829",68.5466377440347,68.3510638297872,84.0816326530612,75
"553","2021_00-0034830",51.25,58.2644628099173,41.1042944785276,42.1052631578947
"554","2021_00-0034833",85.8490566037736,87.3417721518987,91.8367346938776,92.8571428571429
"555","2021_00-0034836",97.1786833855799,98.326359832636,97.9166666666667,100
"556","2021_00-0034837",85.7142857142857,84.070796460177,94.7368421052632,75
"557","2021_00-0034838",24.3016759776536,25.2707581227437,22.9885057471264,52.9411764705882
"558","2021_00-0034844",65.8703071672355,62.6126126126126,53.3333333333333,38.0952380952381
"559","2021_00-0034845",44.6808510638298,45.1764705882353,52.1072796934866,47.3684210526316
"560","2021_00-0034847",91.7695473251029,91.8238993710692,91.7525773195876,100
"561","2021_00-0034854",31.0126582278481,30.3149606299213,28.0701754385965,31.0344827586207
"562","2021_00-0034855",96.9773299748111,95.8620689655172,94.1798941798942,87.0967741935484
"563","2021_00-0034857",97.3434535104364,97.1502590673575,98.2532751091703,95.6521739130435
"564","2021_00-0034860",38.4615384615385,38.0952380952381,44.6808510638298,66.6666666666667
"565","2021_00-0034867",13.946587537092,18.7022900763359,12.7167630057803,0
"566","2021_00-0034869",93.3333333333333,92.9328621908127,92.6966292134831,86.3636363636364
"567","2021_00-0034899",9.30232558139535,10.7692307692308,17.6470588235294,0
"568","2021_00-0034928",7.5,6.89655172413793,0,0
"569","2021_00-0034929",62.962962962963,66.6666666666667,58.3333333333333,0
"570","2021_00-0034930",48.3253588516746,50,54.2857142857143,60
"571","2021_00-0034937",99.438202247191,98.6301369863014,97.979797979798,100
"572","2021_00-0034951",11.7647058823529,9.67741935483871,15.9090909090909,25
"573","2021_00-0034955",7.14285714285714,6.25,8.33333333333333,0
"574","2021_00-0034957",50.3311258278146,51.8181818181818,51.4285714285714,60
"575","2021_00-0034959",9.12162162162162,7.90697674418605,3.57142857142857,6.66666666666667
"576","2021_00-0034960",87.0212765957447,91.2921348314607,97.737556561086,94.4444444444444
"577","2021_00-0034972",38.2743362831858,37.2434017595308,25.6880733944954,38.8888888888889
"578","2021_00-0034978",87.5,87.3817034700316,87.6404494382023,100
"579","2021_00-0034981",67.7480916030534,62.7358490566038,52.6315789473684,50
"580","2021_00-0034983",59.1603053435115,68.3962264150943,86.2348178137652,65
"581","2021_00-0034988",41.3793103448276,30.0546448087432,16.030534351145,23.0769230769231
"582","2021_00-0034994",100,100,99.5412844036697,100
"583","2021_00-0035003",0,4.54545454545455,0,0
"584","2021_00-0035021",27.9260780287474,29.4765840220386,25.3393665158371,38.4615384615385
"585","2021_00-0035022",14.2857142857143,17.8461538461538,11.2820512820513,30.7692307692308
"586","2021_00-0035040",4.16666666666667,5.88235294117647,6.66666666666667,20
"587","2021_00-0035045",28.5714285714286,26.4150943396226,36.1111111111111,50
"588","2021_00-0035061",70,65.2173913043478,58.3333333333333,100
"589","2021_00-0035062",100,100,100,100
"590","2021_00-0035067",4.54545454545455,4.16666666666667,5,0
"591","2021_00-0035084",87.8980891719745,89.041095890411,86.3636363636364,90
"592","2021_00-0035099",15.4574132492114,7.91666666666667,8.78378378378378,0
"593","2021_00-0035101",10.5263157894737,11.6279069767442,25,60
"594","2021_00-0035112",89.2950391644909,89.8245614035088,84.8484848484848,70.5882352941177
"595","2021_00-0035117",9.09090909090909,7.40740740740741,0,0
"596","2021_00-0035125",27.9245283018868,20.952380952381,12.1951219512195,21.4285714285714
"597","2021_00-0035126",39.8633257403189,39.6600566572238,50,48.1481481481481
"598","2021_00-0035127",100,100,100,100
"599","2021_00-0035140",50.384024577573,56.5126050420168,48.689138576779,21.4285714285714
"600","2021_00-0035141",71.264367816092,71.2121212121212,71.0526315789474,100
"601","2021_00-0035149",24.7933884297521,23.3333333333333,22.0338983050847,0
"602","2021_00-0035164",4.16666666666667,5,0,0
"603","2021_00-0035184",6.66666666666667,17.1428571428571,4.16666666666667,0
"604","2021_00-0035187",35.0649350649351,28.5714285714286,6.06060606060606,0
"605","2021_00-0035208",53.2863849765258,56.7484662576687,68.2242990654206,69.5652173913043
"606","2021_00-0035215",37.5545851528384,37.0731707317073,55.1020408163265,63.6363636363636
"607","2021_00-0035216",89.7654584221748,90.7161803713528,93.4426229508197,75
"608","2021_00-0035217",12.4153498871332,13.6111111111111,8.82352941176471,10
"609","2021_00-0035218",9.70873786407767,6.58682634730539,7.07070707070707,33.3333333333333
"610","2021_00-0035222",46.8127490039841,40.2469135802469,24.2537313432836,43.3333333333333
"611","2021_00-0035228",98.0722891566265,98.1981981981982,98.469387755102,95.6521739130435
"612","2021_00-0035229",80.3680981595092,82.3293172690763,93.0817610062893,88.4615384615385
"613","2021_00-0035233",71.563981042654,73.7931034482759,77.4193548387097,71.4285714285714
"614","2021_00-0035234",99.4366197183099,99.6515679442509,99.5098039215686,100
"615","2021_00-0035235",99.7481108312343,100,99.5024875621891,100
"616","2021_00-0035237",100,100,100,100
"617","2021_00-0035238",66.412213740458,70.5583756345178,69.1666666666667,70
"618","2021_00-0035242",93.8864628820961,95.8333333333333,94.8148148148148,83.3333333333333
"619","2021_00-0035243",56.9230769230769,54.416961130742,38.2022471910112,33.3333333333333
"620","2021_00-0035245",84.8993288590604,83.265306122449,81.3953488372093,85.7142857142857
"621","2021_00-0035246",14.8846960167715,19.0751445086705,10.0917431192661,32.1428571428571
"622","2021_00-0035249",19.2037470725995,15.9609120521173,11.6959064327485,14.2857142857143
"623","2021_00-0035250",64.8956356736243,65.2849740932643,50.6550218340611,73.9130434782609
"624","2021_00-0035252",43.5294117647059,45.1612903225806,34.4827586206897,0
"625","2021_00-0035259",29.0322580645161,23.8297872340426,7.48299319727891,27.2727272727273
"626","2021_00-0035261",36.9127516778523,33.1325301204819,33.1797235023041,15
"627","2021_00-0035263",45.1612903225806,39.1304347826087,40.3846153846154,55.5555555555556
"628","2021_00-0035266",94.0559440559441,95.8904109589041,95.3020134228188,90.4761904761905
"629","2021_00-0035268",36.734693877551,36.5853658536585,7.69230769230769,0
"630","2021_00-0035273",20.4081632653061,17.7966101694915,14.0845070422535,55.5555555555556
"631","2021_00-0035287",3.7037037037037,0,7.14285714285714,0
"632","2021_00-0035289",54.4715447154472,62.2222222222222,66.6666666666667,100
"633","2021_00-0035291",20,25,25.8064516129032,0
"634","2021_00-0035295",72.2033898305085,73.3624454148472,78.4172661870504,90.9090909090909
"635","2021_00-0035298",27.0588235294118,23.5897435897436,28.1818181818182,60
"636","2021_00-0035300",74.7899159663866,70.6319702602231,69.7530864197531,61.9047619047619
"637","2021_00-0035304",2.46913580246914,1.75438596491228,0,0
"638","2021_00-0035308",34.2857142857143,30.7359307359307,20.8333333333333,60
"639","2021_00-0035311",48.2608695652174,57.0666666666667,45.9016393442623,34.7826086956522
"640","2021_00-0035317",7.05882352941176,6.94444444444444,9.09090909090909,25
"641","2021_00-0035328",100,100,100,100
"642","2021_00-0035329",44.4723618090452,43.2786885245902,16.4893617021277,32.1428571428571
"643","2021_00-0035341",17.4193548387097,19.4029850746269,26.6666666666667,25
"644","2021_00-0035342",9.03954802259887,5.80645161290323,34.020618556701,50
"645","2021_00-0035345",25.974025974026,12.9770992366412,4.3010752688172,14.2857142857143
"646","2021_00-0035350",37.6237623762376,37.6404494382022,27.8846153846154,37.5
"647","2021_00-0035355",80.5797101449275,81.0276679841897,82.9113924050633,86.9565217391304
"648","2021_00-0035356",27.1317829457364,29.9019607843137,24.6153846153846,21.4285714285714
"649","2021_00-0035359",30.2631578947368,26.6666666666667,16.9811320754717,37.5
"650","2021_00-0035382",51.4184397163121,54.4117647058823,50,78.5714285714286
"651","2021_00-0035383",73.6666666666667,72.8110599078341,68.503937007874,83.3333333333333
"652","2021_00-0035384",45.6852791878173,50.3225806451613,50.5050505050505,60
"653","2021_00-0035399",21.7391304347826,16.3716814159292,14.9253731343284,9.09090909090909
"654","2021_00-0035400",23.5294117647059,29.4117647058824,33.3333333333333,100
"655","2021_00-0035406",41.7177914110429,40.9722222222222,50.4587155963303,54.5454545454545
"656","2021_00-0035414",49.7826086956522,54.5961002785515,72.972972972973,64.8648648648649
"657","2021_00-0035418",3.03030303030303,4.16666666666667,7.14285714285714,0
"658","2021_00-0035428",12.7853881278539,11.9318181818182,5,0
"659","2021_00-0035431",2.94117647058824,3.2258064516129,0,0
"660","2021_00-0035432",41.5384615384615,39.5348837209302,34.7826086956522,0
"661","2021_00-0035448",3.2258064516129,2.12765957446809,11.1111111111111,0
"662","2021_00-0035457",11.7647058823529,10,7.80141843971631,15.3846153846154
"663","2021_00-0035480",6.93877551020408,5.71428571428571,3.96039603960396,18.1818181818182
"664","2021_00-0035500",12.6126126126126,9.89010989010989,11.1111111111111,28.5714285714286
"665","2021_00-0035510",28.0597014925373,26,27.8145695364238,30.4347826086957
"666","2021_00-0035526",98.019801980198,97.972972972973,96.7391304347826,100
"667","2021_00-0035527",8.40336134453782,4.25531914893617,4.16666666666667,11.1111111111111
"668","2021_00-0035535",61.437908496732,64.9789029535865,79.0055248618785,70
"669","2021_00-0035537",33.6405529953917,30.421686746988,68.1372549019608,60.7142857142857
"670","2021_00-0035544",16.4794007490637,18.0952380952381,25.3731343283582,17.3913043478261
"671","2021_00-0035547",15.609756097561,11.7241379310345,8.75,0
"672","2021_00-0035562",1.76991150442478,2.38095238095238,4,0
"673","2021_00-0035567",36.5853658536585,30.8823529411765,34.6938775510204,20
"674","2021_00-0035572",29.1666666666667,27.7777777777778,13.5922330097087,33.3333333333333
"675","2021_00-0035588",100,100,100,100
"676","2021_00-0035592",7.14285714285714,0,0,25
"677","2021_00-0035593",33.6898395721925,35.15625,34.6153846153846,66.6666666666667
"678","2021_00-0035594",11.7021276595745,11.2280701754386,62.2754491017964,41.6666666666667
"679","2021_00-0035602",58.8235294117647,33.3333333333333,53.3333333333333,40
"680","2021_00-0035603",27.34375,25.8389261744966,18.4210526315789,7.14285714285714
"681","2021_00-0035621",2.85714285714286,0,0,0
"682","2021_00-0035624",38.5321100917431,40.0826446280992,33.5526315789474,46.1538461538462
"683","2021_00-0035628",31.025641025641,31.25,57.5916230366492,58.3333333333333
"684","2021_00-0035629",99.79633401222,99.4736842105263,100,100
"685","2021_00-0035630",98.3568075117371,98.780487804878,98.1308411214953,95.6521739130435
"686","2021_00-0035631",49.802371541502,39.746835443038,16.3265306122449,33.3333333333333
"687","2021_00-0035639",43.9759036144578,49.1666666666667,55.1282051282051,18.1818181818182
"688","2021_00-0035640",83.1838565022422,79.3510324483776,88.4615384615385,53.8461538461538
"689","2021_00-0035641",10.7142857142857,12.5,16.6666666666667,66.6666666666667
"690","2021_00-0035644",88.5167464114833,81.9672131147541,78.7878787878788,88.8888888888889
"691","2021_00-0035645",8.95522388059701,10.7317073170732,9.375,23.0769230769231
"692","2021_00-0035649",96.5,96.5079365079365,97,93.3333333333333
"693","2021_00-0035657",50.9661835748792,45.1923076923077,10.3092783505155,18.75
"694","2021_00-0035659",90.9638554216867,86.9318181818182,93.6440677966102,96.7741935483871
"695","2021_00-0035660",11.7647058823529,16.2790697674419,4.34782608695652,0
"696","2021_00-0035662",77.1153846153846,81.3648293963255,91.588785046729,64.2857142857143
"697","2021_00-0035664",66.4804469273743,67.8294573643411,60.7843137254902,60
"698","2021_00-0035666",41.4634146341463,38.7096774193548,48.6486486486487,25
"699","2021_00-0035668",99.468085106383,99.7647058823529,100,100
"700","2021_00-0035676",69.4656488549618,72.5752508361204,82.7225130890052,52.9411764705882
"701","2021_00-0035679",63.0769230769231,63.4615384615385,69.7183098591549,22.2222222222222
"702","2021_00-0035685",77.1260997067449,73.3590733590734,76.0479041916168,63.3333333333333
"703","2021_00-0035686",100,98.7730061349693,100,92.8571428571429
"704","2021_00-0035688",67.0212765957447,70.1298701298701,71.4285714285714,75
"705","2021_00-0035689",89.1257995735608,87.0206489675516,88.5,85
"706","2021_00-0035698",38.8888888888889,40,30.6122448979592,0
"707","2021_00-0035700",71.9298245614035,70.0808625336927,33.1797235023041,55.5555555555556
"708","2021_00-0035702",84.7117794486216,84.641638225256,85.5614973262032,85.1851851851852
"709","2021_00-0035703",8.62068965517241,12.1739130434783,8.45070422535211,20
"710","2021_00-0035704",70.7317073170732,72.8260869565217,71.4285714285714,100
"711","2021_00-0035710",93.0693069306931,95.4337899543379,96.1538461538462,81.25
"712","2021_00-0035715",20.5787781350482,19.4915254237288,8.02919708029197,0
"713","2021_00-0035719",76.4485981308411,81.3471502590674,83.8427947598253,83.3333333333333
"714","2021_00-0035726",31.063829787234,21.6292134831461,6.33484162895928,5.55555555555556
"715","2021_00-0035743",20.8791208791209,27.6923076923077,30.2325581395349,25
"716","2021_00-0035752",16.3265306122449,19.047619047619,23.3333333333333,25
"717","2021_00-0035760",9.09090909090909,13.0434782608696,0,0
"718","2021_00-0035764",95.9349593495935,95.4751131221719,96.8944099378882,100
"719","2021_00-0035771",9.75609756097561,9.86394557823129,8.79120879120879,10
"720","2021_00-0035787",28.5714285714286,35.4838709677419,21.0526315789474,0
"721","2021_00-0035806",12.7320954907162,14.8854961832061,47.7707006369427,23.0769230769231
"722","2021_00-0035823",40.8759124087591,19.7916666666667,5.79710144927536,25
"723","2021_00-0035826",7.93650793650794,6.81818181818182,20,0
"724","2021_00-0035831",63.8814016172507,60.5072463768116,37.7142857142857,28
"725","2021_00-0035832",40,31.5789473684211,33.3333333333333,0
"726","2021_00-0035835",0,4.54545454545455,0,0
"727","2021_00-0035844",21.875,7.69230769230769,11.7647058823529,0
"728","2021_00-0035848",6.45161290322581,0,0,0
"729","2021_00-0035860",22.7848101265823,22.6666666666667,18.75,41.6666666666667
"730","2021_00-0035864",23.6406619385343,25,32.1608040201005,50
"731","2021_00-0035881",26.530612244898,30.3571428571429,25.7575757575758,0
"732","2021_00-0035883",6.25,0,0,0
"733","2021_00-0035891",13.2352941176471,13.6363636363636,6.89655172413793,16.6666666666667
"734","2021_00-0035898",10.7142857142857,17.3913043478261,0,0
"735","2021_00-0035901",0,5.26315789473684,0,0
"736","2021_00-0035908",8.13953488372093,6.63507109004739,6.25,0
"737","2021_00-0035924",5.38116591928251,6.01092896174863,6.83760683760684,30.7692307692308
"738","2021_00-0035956",22.7678571428571,14.7058823529412,3.75586854460094,3.84615384615385
"739","2021_00-0035957",13.8461538461538,12.7659574468085,70,33.3333333333333
"740","2021_00-0035958",65.4761904761905,65.1515151515152,68.1818181818182,50
"741","2021_00-0035973",14.8351648351648,14.1791044776119,18.9873417721519,28.5714285714286
"742","2021_00-0035976",0.662251655629139,1.73913043478261,11.4285714285714,0
"743","2021_00-0035981",3.125,4.16666666666667,9.09090909090909,0
"744","2021_00-0035987",4,0,0,0
"745","2021_00-0035992",28.125,28.6713286713287,30,33.3333333333333
"746","2021_00-0035993",72.972972972973,75,72,80
"747","2021_00-0036005",32.1428571428571,41.6666666666667,16.6666666666667,33.3333333333333
"748","2021_00-0036020",26.2247838616715,24.0282685512367,7.18232044198895,10.5263157894737
"749","2021_00-0036032",26.046511627907,18.7134502923977,7.75862068965517,0
"750","2021_00-0036036",93.5309973045822,91.6376306620209,89.1304347826087,90.4761904761905
"751","2021_00-0036040",27.3504273504274,29.3838862559242,41.0596026490066,25
"752","2021_00-0036059",9.61538461538462,4.0650406504065,1.53846153846154,20
"753","2021_00-0036069",18.5185185185185,18.6046511627907,3.33333333333333,0
"754","2021_00-0036080",10.5263157894737,12.1212121212121,8.33333333333333,0
"755","2021_00-0036083",15.3284671532847,11.8181818181818,5.63380281690141,40
"756","2021_00-0036096",16.9014084507042,17.1428571428571,1.58730158730159,0
"757","2021_00-0036105",44.3037974683544,34.8484848484849,24.3243243243243,0
"758","2021_00-0036110",34.8314606741573,38.0952380952381,57.1428571428571,33.3333333333333
"759","2021_00-0036131",63.75,69.3548387096774,68.8888888888889,42.8571428571429
"760","2021_00-0036132",67.0886075949367,65.546218487395,70.9677419354839,72.7272727272727
"761","2021_00-0036133",18.4615384615385,20.4747774480712,28.8770053475936,23.0769230769231
"762","2021_00-0036145",0,0,5.88235294117647,0
"763","2021_00-0036163",54.4117647058823,53.7549407114625,55.1724137931034,90
"764","2021_00-0036165",6.06060606060606,0,0,0
"765","2021_00-0036171",62.3655913978495,58.6046511627907,58.695652173913,75
"766","2021_00-0036173",19.205298013245,20.3703703703704,16.6666666666667,9.09090909090909
"767","2021_00-0036176",3.2258064516129,0,13.3333333333333,0
"768","2021_00-0036182",53.0434782608696,55.586592178771,60.9649122807018,78.2608695652174
"769","2021_00-0036183",40.5405405405405,36.0655737704918,32.3529411764706,20
"770","2021_00-0036187",14.7679324894515,13.3720930232558,5.10204081632653,5
"771","2021_00-0036194",19.3548387096774,13.6363636363636,0,0
"772","2021_00-0036195",100,100,100,100
"773","2021_00-0036196",48.3805668016194,51.5151515151515,55.5045871559633,73.6842105263158
"774","2021_00-0036197",66.6666666666667,66.6666666666667,75,71.4285714285714
"775","2021_00-0036198",63.9257294429708,67.8832116788321,72.3270440251572,87.5
"776","2021_00-0036212",88.034188034188,86.3636363636364,83.0687830687831,75
"777","2021_00-0036214",56.6666666666667,54.7085201793722,58.0152671755725,75
"778","2021_00-0036215",50.2793296089386,50.7462686567164,53.9473684210526,83.3333333333333
"779","2021_00-0036219",75.8503401360544,78.8461538461538,78.9189189189189,87.5
"780","2021_00-0036223",73.5112936344969,67.7685950413223,61.9909502262443,69.2307692307692
"781","2021_00-0036226",9.67741935483871,8.69565217391304,0,0
"782","2021_00-0036228",11.304347826087,10.9826589595376,19.3877551020408,10
"783","2021_00-0036230",4.47761194029851,4.16666666666667,3.44827586206897,0
"784","2021_00-0036232",47.198275862069,41.2979351032448,18.348623853211,23.5294117647059
"785","2021_00-0036233",73.5897435897436,77.2727272727273,83.9572192513369,90
"786","2021_00-0036236",100,100,100,100
"787","2021_00-0036244",28.5276073619632,28.1124497991968,16.6666666666667,20
"788","2021_00-0036246",99.3839835728953,99.7159090909091,99.5283018867924,95
"789","2021_00-0036247",51.3452914798206,61.3569321533923,75.4807692307692,84.6153846153846
"790","2021_00-0036248",99.7701149425287,99.1620111731844,99.5708154506438,95.8333333333333
"791","2021_00-0036250",19.5592286501377,18.0769230769231,9.55414012738854,0
"792","2021_00-0036251",39.8373983739837,36.996336996337,52.3529411764706,40
"793","2021_00-0036252",89.7330595482546,90.9090909090909,90.9502262443439,69.2307692307692
"794","2021_00-0036254",28.5223367697594,32.5242718446602,26.2820512820513,33.3333333333333
"795","2021_00-0036255",40.4494382022472,45.1162790697674,37.7952755905512,40
"796","2021_00-0036256",61.1111111111111,54.3478260869565,58.3333333333333,0
"797","2021_00-0036258",100,100,100,100
"798","2021_00-0036259",27.8504672897196,34.8958333333333,58.1497797356828,31.8181818181818
"799","2021_00-0036261",80.1769911504425,84.9009900990099,91.2133891213389,70.3703703703704
"800","2021_00-0036264",32.5842696629214,32.2834645669291,35.1351351351351,54.5454545454545
"801","2021_00-0036265",44.3137254901961,43.7837837837838,36.1607142857143,25
"802","2021_00-0036267",88.5558583106267,89.3772893772894,90.6077348066298,91.304347826087
"803","2021_00-0036268",67.1497584541063,65.3968253968254,81.0945273631841,73.0769230769231
"804","2021_00-0036269",13.3333333333333,12.5,0,0
"805","2021_00-0036271",69.8863636363636,71.1340206185567,73.0612244897959,51.6129032258064
"806","2021_00-0036272",76.6666666666667,77.4074074074074,78.7709497206704,80
"807","2021_00-0036273",4.6875,2.17391304347826,4,25
"808","2021_00-0036275",63.0952380952381,70.2380952380952,75.9036144578313,84.6153846153846
"809","2021_00-0036277",59.3548387096774,63.3928571428571,61.9047619047619,61.5384615384615
"810","2021_00-0036278",46.4285714285714,54.1666666666667,27.7777777777778,0
"811","2021_00-0036284",76.9230769230769,77.2727272727273,78.5714285714286,50
"812","2021_00-0036290",84.964200477327,83.3846153846154,82.6086956521739,81.25
"813","2021_00-0036295",94.3661971830986,94.5121951219512,92.0560747663551,95.6521739130435
"814","2021_00-0036297",3.2258064516129,12.5,13.3333333333333,0
"815","2021_00-0036308",10.9090909090909,15.2173913043478,7.40740740740741,0
"816","2021_00-0036309",85.6801909307876,89.2307692307692,96.6183574879227,90.625
"817","2021_00-0036310",93.6102236421725,91.7695473251029,91.0958904109589,90.9090909090909
"818","2021_00-0036318",30,34.7826086956522,41.6666666666667,0
"819","2021_00-0036322",86.3829787234043,91.6666666666667,93.6170212765958,84.2105263157895
"820","2021_00-0036325",100,99.468085106383,100,95.8333333333333
"821","2021_00-0036326",79.1284403669725,77.5280898876404,86.9198312236287,85.1851851851852
"822","2021_00-0036327",100,100,100,100
"823","2021_00-0036328",67.9569892473118,61.0119047619048,28.5067873303167,26.6666666666667
"824","2021_00-0036331",45.5238095238095,54.6153846153846,62.2727272727273,44.8275862068966
"825","2021_00-0036332",35.5648535564854,34.393063583815,39.7196261682243,37.5
"826","2021_00-0036334",79.7101449275362,76.8421052631579,77.027027027027,80
"827","2021_00-0036336",17.8571428571429,13.3333333333333,11.1111111111111,0
"828","2021_00-0036339",89.2988929889299,89.7196261682243,90.0709219858156,100
"829","2021_00-0036340",6.2015503875969,12.9411764705882,1.85185185185185,0
"830","2021_00-0036342",64.638783269962,63.4408602150538,66.6666666666667,52.9411764705882
"831","2021_00-0036345",58.0851063829787,69.1666666666667,90.2127659574468,73.6842105263158
"832","2021_00-0036347",0,0,7.69230769230769,0
"833","2021_00-0036355",99.5934959349593,99.4694960212202,99.5689655172414,100
"834","2021_00-0036357",70.1923076923077,71.7647058823529,69,60
"835","2021_00-0036358",78.7746170678337,77.8409090909091,83.7606837606838,92
"836","2021_00-0036360",52.9715762273902,51.6014234875445,16.9934640522876,0
"837","2021_00-0036363",75.5605381165919,76.056338028169,74.5283018867924,78.2608695652174
"838","2021_00-0036365",73.0769230769231,78.6967418546366,78.6324786324786,68.4210526315789
"839","2021_00-0036367",78.6377708978328,75.5274261603376,68.6567164179104,66.6666666666667
"840","2021_00-0036369",97.3282442748092,97.4056603773585,98.7854251012146,100
"841","2021_00-0036370",17.2413793103448,19.4312796208531,28.7878787878788,31.8181818181818
"842","2021_00-0036376",98.1632653061225,97.8723404255319,96.8,100
"843","2021_00-0036382",4.54545454545455,6.66666666666667,4.76190476190476,0
"844","2021_00-0036383",18.359375,19.6172248803828,12.8571428571429,17.6470588235294
"845","2021_00-0036386",92.8082191780822,94.2477876106195,94.6428571428571,77.2727272727273
"846","2021_00-0036387",67.9924242424242,63.659793814433,78.7755102040816,54.8387096774194
"847","2021_00-0036389",98.5042735042735,97.9351032448378,97.1830985915493,96.1538461538462
"848","2021_00-0036391",100,100,99.5098039215686,100
"849","2021_00-0036392",73.3031674208145,66.6666666666667,64.4628099173554,56.25
"850","2021_00-0036396",84.1911764705882,86.4583333333333,89.9159663865546,90.9090909090909
"851","2021_00-0036397",28,27.7777777777778,35.7142857142857,25
"852","2021_00-0036398",0,9.52380952380952,7.69230769230769,0
"853","2021_00-0036399",71.9387755102041,72.972972972973,72.0430107526882,66.6666666666667
"854","2021_00-0036406",95.1781970649895,94.2558746736293,94.1441441441441,92.8571428571429
"855","2021_00-0036407",58.9430894308943,64.5161290322581,79.5081967213115,61.5384615384615
"856","2021_00-0036408",100,100,100,100
"857","2021_00-0036410",78.3185840707965,83.2386363636364,89.5734597156398,80
"858","2021_00-0036412",39.3258426966292,44.2857142857143,48.780487804878,60
"859","2021_00-0036414",60.377358490566,55.0561797752809,22.0338983050847,0
"860","2021_00-0036415",81.9148936170213,82.3529411764706,87.7394636015326,89.4736842105263
"861","2021_00-0036417",93.7685459940653,93.4108527131783,92.8571428571429,100
"862","2021_00-0036422",85.1162790697674,80.4232804232804,70.5882352941177,62.5
"863","2021_00-0036423",48.8950276243094,51.4925373134328,40.5714285714286,31.5789473684211
"864","2021_00-0036424",13.75,9.75609756097561,6.57894736842105,25
"865","2021_00-0036425",15.6756756756757,17.6678445229682,27.7456647398844,50
"866","2021_00-0036427",51.0891089108911,54.5679012345679,58.0508474576271,61.1111111111111
"867","2021_00-0036429",27.1276595744681,23.7623762376238,10.9243697478992,34.6153846153846
"868","2021_00-0036438",15.8536585365854,13.4328358208955,27.0833333333333,22.2222222222222
"869","2021_00-0036439",8.21917808219178,10.377358490566,8.82352941176471,0
"870","2021_00-0036442",97.3523421588595,96.8421052631579,96.5367965367965,95
"871","2021_00-0036450",30.6748466257669,31.6546762589928,28.2051282051282,40
"872","2021_00-0036453",3.33333333333333,0,0,0
"873","2021_00-0036456",31.8042813455657,24.5833333333333,9.09090909090909,10
"874","2021_00-0036457",27.5092936802974,23.0366492146597,25,50
"875","2021_00-0036474",13.5514018691589,5.33333333333333,0.917431192660551,0
"876","2021_00-0036482",15.9340659340659,16.030534351145,16.8831168831169,25
"877","2021_00-0036483",15.625,14.2857142857143,17.2413793103448,0
"878","2021_00-0036491",43.75,46.6666666666667,38.4615384615385,0
"879","2021_00-0036493",7.86516853932584,5.79710144927536,12.8205128205128,33.3333333333333
"880","2021_00-0036510",37.0967741935484,32.6530612244898,34.375,25
"881","2021_00-0036519",15.3846153846154,16,25,100
"882","2021_00-0036523",16,13.6363636363636,15.3846153846154,0
"883","2021_00-0036526",10,9.63855421686747,4.65116279069767,0
"884","2021_00-0036534",35,29.7297297297297,53.3333333333333,71.4285714285714
"885","2021_00-0036550",65.0753768844221,69.023569023569,74.4318181818182,67.8571428571429
"886","2021_00-0036551",6.66666666666667,8.69565217391304,7.69230769230769,0
"887","2021_00-0036554",52.7859237536657,54.9090909090909,74.1116751269035,84.6153846153846
"888","2021_00-0036555",44.327731092437,42.1487603305785,30.8695652173913,26.6666666666667
"889","2021_00-0036556",32.1888412017167,39.4594594594595,57.3643410852713,66.6666666666667
"890","2021_00-0036557",42.1768707482993,42.2018348623853,42.6470588235294,60
"891","2021_00-0036560",6.81818181818182,10.1694915254237,3.44827586206897,0
"892","2021_00-0036566",20.6896551724138,20,23.0769230769231,33.3333333333333
"893","2021_00-0036567",78.1862745098039,71.6262975778547,16.2790697674419,58.8235294117647
"894","2021_00-0036569",7.07070707070707,5.33333333333333,1.78571428571429,0
"895","2021_00-0036571",0,0,8.33333333333333,100
"896","2021_00-0036572",14.9700598802395,25.1851851851852,25,27.2727272727273
"897","2021_00-0036577",53.5714285714286,59.0909090909091,60.6060606060606,100
"898","2021_00-0036582",6.45161290322581,0,0,0
"899","2021_00-0036583",10.3448275862069,10.5263157894737,8.33333333333333,0
"900","2021_00-0036596",53.5714285714286,46.9387755102041,44.4444444444444,25
"901","2021_00-0036598",0,4.54545454545455,0,0
"902","2021_00-0036603",39.0625,45.6521739130435,60,0
"903","2021_00-0036613",82.3529411764706,83.1099195710456,88.5245901639344,78.2608695652174
"904","2021_00-0036616",93.3333333333333,91.3636363636364,90.4761904761905,81.8181818181818
"905","2021_00-0036618",82.7309236947791,83.9779005524862,83.3333333333333,66.6666666666667
"906","2021_00-0036619",33.8129496402878,34.5794392523364,33.3333333333333,16.6666666666667
"907","2021_00-0036620",28.5714285714286,30.6122448979592,41.8604651162791,25
"908","2021_00-0036622",91.0714285714286,91.4728682170543,91.025641025641,80
"909","2021_00-0036623",99.2319508448541,99.3697478991597,99.250936329588,100
"910","2021_00-0036626",35.5813953488372,36.6883116883117,32.8502415458937,16.6666666666667
"911","2021_00-0036627",38.4615384615385,32.9268292682927,32.6923076923077,60
"912","2021_00-0036628",54.5073375262054,46.3855421686747,35.5555555555556,40
"913","2021_00-0036630",9.76863753213368,8.01393728222996,11.9047619047619,9.52380952380952
"914","2021_00-0036631",97.119341563786,97.134670487106,96.6824644549763,95.6521739130435
"915","2021_00-0036635",19.1489361702128,17.5438596491228,44.047619047619,22.2222222222222
"916","2021_00-0036636",6.06060606060606,8,7.69230769230769,0
"917","2021_00-0036637",30.7032590051458,24.2990654205607,13.9344262295082,16.6666666666667
"918","2021_00-0036646",3.17460317460317,6.25,7.14285714285714,0
"919","2021_00-0036650",21.6216216216216,21.0526315789474,5.94059405940594,10
"920","2021_00-0036652",13.7404580152672,15.5339805825243,10.8527131782946,10
"921","2021_00-0036653",19.3548387096774,17.3913043478261,17.6470588235294,100
"922","2021_00-0036654",11.214953271028,15.7232704402516,14.7619047619048,7.40740740740741
"923","2021_00-0036655",2.77777777777778,0,0,0
"924","2021_00-0036657",39.622641509434,37.1428571428571,54.1666666666667,50
"925","2021_00-0036660",100,100,100,100
"926","2021_00-0036663",10.3896103896104,12.5,17.9487179487179,0
"927","2021_00-0036669",8.69565217391304,12.6582278481013,10.6382978723404,20
"928","2021_00-0036670",7,20.5128205128205,7.84313725490196,0
"929","2021_00-0036671",19.3548387096774,20.8494208494208,16.7597765363128,16.6666666666667
"930","2021_00-0036691",16.5289256198347,10.9947643979058,1.65289256198347,0
"931","2021_00-0036692",4.76190476190476,11.7647058823529,3.7037037037037,0
"932","2021_00-0036698",2.32558139534884,1.51515151515152,2.32558139534884,0
"933","2021_00-0036727",26.3636363636364,23.3009708737864,25,12.5
"934","2021_00-0036736",53.5714285714286,54.1666666666667,61.1111111111111,100
"935","2021_00-0036741",33.8,35.1648351648352,15.4185022026432,32.1428571428571
"936","2021_00-0036749",62.0689655172414,60.4938271604938,57.1428571428571,22.2222222222222
"937","2021_00-0036754",50.7109004739336,40.4761904761905,18.6991869918699,26.3157894736842
"938","2021_00-0036755",19.2307692307692,14.7435897435897,7.61904761904762,13.7931034482759
"939","2021_00-0036768",7.14285714285714,6.81818181818182,6.25,0
"940","2021_00-0036774",3.03030303030303,0,0,0
"941","2021_00-0036779",0,12.5,0,0
"942","2021_00-0036783",35.2272727272727,41.2698412698413,41.1764705882353,63.6363636363636
"943","2021_00-0036795",68.1818181818182,69.5,68.5483870967742,100
"944","2021_00-0036815",5.55555555555556,0,0,0
"945","2021_00-0036825",2.08333333333333,2.7027027027027,0,0
"946","2021_00-0036842",10.0840336134454,12.6436781609195,6.45161290322581,0
"947","2021_00-0036849",4.76190476190476,5.17241379310345,7.31707317073171,0
"948","2021_00-0036852",82.3529411764706,88.2352941176471,86.6666666666667,100
"949","2021_00-0036856",39.4444444444444,45.0980392156863,50,50
"950","2021_00-0036857",8.16326530612245,11.3636363636364,21.6867469879518,14.2857142857143
"951","2021_00-0036858",42.3076923076923,46.6666666666667,9.75609756097561,0
"952","2021_00-0036859",100,100,100,100
"953","2021_00-0036860",4.26829268292683,3.81679389312977,20.253164556962,25
"954","2021_00-0036862",19.8564593301435,23.125,21.5686274509804,6.66666666666667
"955","2021_00-0036865",62.2775800711744,61.9909502262443,69.4029850746269,69.2307692307692
"956","2021_00-0036866",71.6867469879518,72.8,74.1573033707865,68.75
"957","2021_00-0036869",98.7179487179487,98.1578947368421,98.4,100
"958","2021_00-0036875",39.0029325513196,38.996138996139,8.9171974522293,22.2222222222222
"959","2021_00-0036876",17.0431211498973,20.3856749311295,25.7918552036199,50
"960","2021_00-0036877",7.63358778625954,10.1522842639594,8.33333333333333,0
"961","2021_00-0036879",10.6060606060606,10.2040816326531,19.2307692307692,50
"962","2021_00-0036880",99.7389033942559,99.3333333333333,98.9847715736041,94.1176470588235
"963","2021_00-0036887",32.4519230769231,26.517571884984,17.1717171717172,26.9230769230769
"964","2021_00-0036892",96.7557251908397,97.4056603773585,97.165991902834,100
"965","2021_00-0036893",80.4780876494024,79.7530864197531,82.089552238806,86.6666666666667
"966","2021_00-0036894",58.7737843551797,60.7894736842105,66.5354330708661,84
"967","2021_00-0036898",91.8300653594771,92.5311203319502,91.566265060241,100
"968","2021_00-0036900",89.5669291338583,90.176322418136,91.0569105691057,85.7142857142857
"969","2021_00-0036905",90.9774436090226,90.1477832512315,92.3076923076923,82.6086956521739
"970","2021_00-0036906",28.3163265306122,29.042904290429,20.7446808510638,19.3548387096774
"971","2021_00-0036907",49.4845360824742,43.4782608695652,41.8604651162791,53.8461538461538
"972","2021_00-0036910",17.5438596491228,13.3333333333333,9.09090909090909,11.1111111111111
"973","2021_00-0036912",83.5227272727273,82.2164948453608,86.530612244898,74.1935483870968
"974","2021_00-0036913",42.7046263345196,50.2415458937198,54.1095890410959,31.25
"975","2021_00-0036918",7.69230769230769,13.3333333333333,21.7391304347826,0
"976","2021_00-0036919",25.1012145748988,25.8953168044077,40.1785714285714,41.9354838709677
"977","2021_00-0036924",56.786703601108,56.0885608856088,25.4437869822485,35
"978","2021_00-0036929",100,83.3333333333333,100,100
"979","2021_00-0036930",95.6521739130435,100,100,0
"980","2021_00-0036936",43.7652811735941,41.8181818181818,63.7837837837838,33.3333333333333
"981","2021_00-0036945",83.3898305084746,82.0960698689956,84.1379310344828,63.1578947368421
"982","2021_00-0036946",4.76190476190476,6.25,7.69230769230769,0
"983","2021_00-0036947",98.2673267326733,99.0415335463259,99.0196078431373,95
"984","2021_00-0036951",9.45945945945946,10.7142857142857,16.6666666666667,20
"985","2021_00-0036953",55.2,54.4444444444444,55.3571428571429,57.1428571428571
"986","2021_00-0036955",43.4065934065934,52.014652014652,68.2634730538922,44.4444444444444
"987","2021_00-0036957",24.5614035087719,23.2558139534884,27.5862068965517,40
"988","2021_00-0036959",15.625,16.6666666666667,10,0
"989","2021_00-0036963",75.9213759213759,79.8107255520505,85.0961538461538,77.7777777777778
"990","2021_00-0036968",70.3180212014134,72.8506787330317,74.8251748251748,95.2380952380952
"991","2021_00-0036970",66.6666666666667,69.0184049079755,89.2523364485981,73.9130434782609
"992","2021_00-0036971",99.3303571428571,99.1097922848665,99.5327102803738,100
"993","2021_00-0036972",97.2340425531915,97.1910112359551,98.6425339366516,100
"994","2021_00-0036975",81.6326530612245,84,82,75
"995","2021_00-0036976",82.3979591836735,81.4545454545455,80.4878048780488,83.3333333333333
"996","2021_00-0036977",65.863453815261,67.4033149171271,70.7070707070707,83.3333333333333
"997","2021_00-0036979",99.5145631067961,99.6845425867508,99.4818652849741,100
"998","2021_00-0036980",63.0434782608696,66.2551440329218,67.3758865248227,47.6190476190476
"999","2021_00-0036983",96.8137254901961,95.7575757575758,96.2441314553991,83.3333333333333
"1000","2021_00-0036984",36.9426751592357,38.5964912280702,5.97014925373134,8.33333333333333
"1001","2021_00-0036985",12.2641509433962,10.5263157894737,14.2857142857143,50
"1002","2021_00-0036988",38.4146341463415,42.7055702917772,40.5172413793103,32.4324324324324
"1003","2021_00-0036991",16.0606060606061,11.7647058823529,8.44155844155844,11.1111111111111
"1004","2021_00-0036997",51.6629711751663,49.5468277945619,48.3720930232558,48.1481481481481
"1005","2021_00-0036999",29.064039408867,31.6498316498317,43.6170212765958,15.625
"1006","2021_00-0037001",86.8327402135231,86.9565217391304,86.6666666666667,100
"1007","2021_00-0037002",96.3133640552995,94.5686900958466,94.5544554455445,100
"1008","2021_00-0037004",17.0454545454545,19.7183098591549,10.3092783505155,18.1818181818182
"1009","2021_00-0037005",47.6718403547672,49.266862170088,40.9302325581395,36.6666666666667
"1010","2021_00-0037009",100,100,100,100
"1011","2021_00-0037010",96.3123644251627,94.9468085106383,95.9183673469388,87.5
"1012","2021_00-0037011",39.9390243902439,30.0411522633745,14.3835616438356,18.1818181818182
"1013","2021_00-0037012",42.9347826086957,40.625,51.3513513513513,92.3076923076923
"1014","2021_00-0037013",92.9292929292929,93.2489451476793,93.3774834437086,91.304347826087
